status_source,stamp_s,accepted,reason,points,fitness,rmse,processing_ms,profile_preprocess_ms,profile_deskew_ms,profile_icp_ms,profile_icp_calls,estimated_dropped_scans,pending_lidar_queue_drops,preprocess_ms,icp_ms,primary_icp_ms,prediction_icp_ms,recovery_icp_ms,recovery_prepare_ms,mapping_ms,publish_ms,other_ms,icp_calls,scan_dt_sec,dropped_scans_estimated_last,dropped_scans_estimated_total,icp_target,keyframe_added,local_map_frames,local_map_points,consecutive_rejections,recovery_active,recovery_attempted,recovery_success,recovery_provisional,recovery_confirmed,recovery_confirmations,recovery_reason,recovery_seed_yaw_offset_deg,recovery_imu_error_deg,pose_graph_nodes,pose_graph_edges,loop_closures,loop_detection_ms,optimization_ms,map_publish_ms,backend,optimized
front_end,5451596.817122624,True,initial_frame,3019,,,13.622605009004474,11.91989699145779,7.674533000681549,0.0,0,0,0,,,,,,,,,,,,,,initial,True,1,2935,0,False,False,False,,,,inactive,,,,,,,,,,
optimized_backend,,,,,,,,,,,,,,,,,,,,,,,,,,,,,,,,,,,,,,,,,1,0,0,,,,pose_graph,False
front_end,5451596.917962176,True,icp_accepted,3028,0.999669749009247,0.08299787801899441,13.565106986789033,9.739987988723442,6.552528997417539,2.879433974158019,1,0,0,,,,,,,,,,,,,,previous_cloud_bootstrap,False,1,2935,0,False,False,False,,,,inactive,,,,,,,,,,
front_end,5451597.017931424,True,icp_accepted,3060,0.9996732026143791,0.0882908245643773,14.44822599296458,10.817008995218202,7.638324983417988,2.7937840204685926,1,0,0,,,,,,,,,,,,,,previous_cloud_bootstrap,False,1,2935,0,False,False,False,,,,inactive,,,,,,,,,,
front_end,5451597.117068416,True,icp_accepted,2957,1.0,0.08523179789588962,9.235377016011626,6.828474026406184,4.661799990572035,1.7864340043161064,1,0,0,,,,,,,,,,,,,,previous_cloud_bootstrap,False,1,2935,0,False,False,False,,,,inactive,,,,,,,,,,
front_end,5451597.217949248,True,icp_accepted,3007,1.0,0.09293778850171722,10.457147000124678,8.645636000437662,5.449860997032374,1.2390519841574132,1,0,0,,,,,,,,,,,,,,previous_cloud_bootstrap,False,1,2935,0,False,False,False,,,,inactive,,,,,,,,,,
front_end,5451597.317210208,True,icp_accepted,2995,1.0,0.08782186284574878,9.647426020819694,7.223893015179783,5.301725002937019,1.7857530037872493,1,0,0,,,,,,,,,,,,,,previous_cloud_bootstrap,False,1,2935,0,False,False,False,,,,inactive,,,,,,,,,,
front_end,5451597.418174144,True,icp_accepted,3049,1.0,0.09683797532832152,9.523114014882594,6.881723995320499,4.576050007017329,1.8183839856646955,1,0,0,,,,,,,,,,,,,,previous_cloud_bootstrap,False,1,2935,0,False,False,False,,,,inactive,,,,,,,,,,
front_end,5451597.518212672,True,icp_accepted,3007,1.0,0.0846426488336877,12.080888001946732,10.025372001109645,7.923508004751056,1.360399997793138,1,0,0,,,,,,,,,,,,,,previous_cloud_bootstrap,False,1,2935,0,False,False,False,,,,inactive,,,,,,,,,,
front_end,5451597.617901088,True,icp_accepted,3018,0.9993373094764745,0.08686475246249845,9.139458008576185,7.460495020495728,5.34895301098004,0.8536230016034096,1,0,0,,,,,,,,,,,,,,previous_cloud_bootstrap,False,1,2935,0,False,False,False,,,,inactive,,,,,,,,,,
front_end,5451597.717090016,True,icp_accepted,3058,0.999345977763244,0.0862852559551248,8.900031010853127,6.769875006284565,4.746629012515768,1.28532899543643,1,0,0,,,,,,,,,,,,,,previous_cloud_bootstrap,False,1,2935,0,False,False,False,,,,inactive,,,,,,,,,,
front_end,5451597.817950624,True,icp_accepted,3082,1.0,0.09154810825826924,11.805212998297065,9.477047977270558,7.454692997271195,1.1575999960768968,1,0,0,,,,,,,,,,,,,,previous_cloud_bootstrap,False,1,2935,0,False,False,False,,,,inactive,,,,,,,,,,
front_end,5451597.918145344,True,icp_accepted,3001,1.0,0.08879221977439083,8.898767991922796,6.726042978698388,4.708377993665636,1.6141929954756051,1,0,0,,,,,,,,,,,,,,previous_cloud_bootstrap,False,1,2935,0,False,False,False,,,,inactive,,,,,,,,,,
front_end,5451598.018084864,True,icp_accepted,3004,1.0,0.08873536422062632,11.394858011044562,9.448565018828958,7.044578000204638,1.3841129839420319,1,0,0,,,,,,,,,,,,,,previous_cloud_bootstrap,False,1,2935,0,False,False,False,,,,inactive,,,,,,,,,,
front_end,5451598.118044736,True,icp_accepted,2984,1.0,0.09614705814215756,8.912163990316913,6.8138679780531675,4.78611298603937,1.4324530202429742,1,0,0,,,,,,,,,,,,,,previous_cloud_bootstrap,False,1,2935,0,False,False,False,,,,inactive,,,,,,,,,,
front_end,5451598.318041888,True,icp_accepted,3052,1.0,0.09149819042877136,11.103683995315805,8.901594002963975,5.7316979800816625,1.4320530171971768,1,1,0,,,,,,,,,,,,,,previous_cloud_bootstrap,False,1,2935,0,False,False,False,,,,inactive,,,,,,,,,,
front_end,5451598.418235584,True,icp_accepted,3072,0.9986979166666666,0.09652114815549104,8.765209990087897,6.715914991218597,4.7020959900692105,1.4373930171132088,1,1,0,,,,,,,,,,,,,,previous_cloud_bootstrap,False,1,2935,0,False,False,False,,,,inactive,,,,,,,,,,
front_end,5451598.518071072,True,icp_accepted,3163,0.9981030667088208,0.11008271219190705,12.613441998837516,8.772803004831076,6.348247989080846,1.8910689977928996,1,1,0,,,,,,,,,,,,,,previous_cloud_bootstrap,True,2,3833,0,False,False,False,,,,inactive,,,,,,,,,,
front_end,5451598.617900512,True,icp_accepted,3321,0.9984944293887383,0.1203034032119057,10.59478399110958,6.890681019285694,4.824634990654886,2.5779620045796037,1,1,0,,,,,,,,,,,,,,previous_cloud_bootstrap,False,2,3833,0,False,False,False,,,,inactive,,,,,,,,,,
optimized_backend,,,,,,,,,,,,,,,,,,,,,,,,,,,,,,,,,,,,,,,,,2,1,0,,,,pose_graph,False
front_end,5451598.718196608,True,icp_accepted,3286,1.0,0.10941511294642779,14.846498990664259,10.165852989302948,7.22279999172315,2.2606699785683304,1,1,0,,,,,,,,,,,,,,previous_cloud_bootstrap,True,3,4737,0,False,False,False,,,,inactive,,,,,,,,,,
front_end,5451598.81806352,True,icp_accepted,3271,1.0,0.08042124635656314,11.339995020534843,8.076413010712713,5.813841009512544,2.4227020039688796,1,1,0,,,,,,,,,,,,,,local_map_fast,False,3,4737,0,False,False,False,,,,inactive,,,,,,,,,,
optimized_backend,,,,,,,,,,,,,,,,,,,,,,,,,,,,,,,,,,,,,,,,,3,2,0,,,,pose_graph,False
front_end,5451598.917912608,True,icp_accepted,3310,1.0,0.08236093270370413,11.37679402017966,6.849504017736763,4.675315984059125,1.9655080104712397,1,1,0,,,,,,,,,,,,,,local_map_fast,True,4,5154,0,False,False,False,,,,inactive,,,,,,,,,,
front_end,5451599.018192672,True,icp_accepted,3231,1.0,0.06892806818499646,9.323020000010729,6.428127002436668,4.453161003766581,1.7807940021157265,1,1,0,,,,,,,,,,,,,,local_map_fast,False,4,5154,0,False,False,False,,,,inactive,,,,,,,,,,
front_end,5451599.118044128,True,icp_accepted,3304,1.0,0.07141062623763735,10.048946016468108,6.626768998103216,4.577314015477896,1.5560640022158623,1,1,0,,,,,,,,,,,,,,local_map_fast,True,5,5464,0,False,False,False,,,,inactive,,,,,,,,,,
optimized_backend,,,,,,,,,,,,,,,,,,,,,,,,,,,,,,,,,,,,,,,,,4,3,0,,,,pose_graph,False
front_end,5451599.218029952,True,icp_accepted,3311,1.0,0.06727235505579385,10.040349006885663,7.198535022325814,5.252051982097328,2.2683829884044826,1,1,0,,,,,,,,,,,,,,local_map_fast,False,5,5464,0,False,False,False,,,,inactive,,,,,,,,,,
front_end,5451599.31817552,True,icp_accepted,3179,1.0,0.07852718461999567,11.483131995191798,6.625755981076509,4.30156898801215,2.8171479934826493,1,1,0,,,,,,,,,,,,,,local_map_fast,True,6,5783,0,False,False,False,,,,inactive,,,,,,,,,,
front_end,5451599.41803904,True,icp_accepted,3289,1.0,0.07699599096396109,11.183172988239676,7.13718100450933,4.942906001815572,2.967820008052513,1,1,0,,,,,,,,,,,,,,local_map_fast,False,6,5783,0,False,False,False,,,,inactive,,,,,,,,,,
optimized_backend,,,,,,,,,,,,,,,,,,,,,,,,,,,,,,,,,,,,,,,,,5,4,0,,,,pose_graph,False
front_end,5451599.517934848,True,icp_accepted,3328,1.0,0.1034141118146866,14.682564011309296,9.99426402268,7.266041997354478,2.281168010085821,1,1,0,,,,,,,,,,,,,,local_map_fast,True,7,6213,0,False,False,False,,,,inactive,,,,,,,,,,
front_end,5451599.61811824,True,icp_accepted,3264,1.0,0.06878300701699458,10.623217996908352,7.216508995043114,4.956902004778385,2.2613699838984758,1,1,0,,,,,,,,,,,,,,local_map_fast,False,7,6213,0,False,False,False,,,,inactive,,,,,,,,,,
optimized_backend,,,,,,,,,,,,,,,,,,,,,,,,,,,,,,,,,,,,,,,,,6,5,0,,,,pose_graph,False
front_end,5451599.718062464,True,icp_accepted,3208,1.0,0.0724225069086641,14.690648997202516,10.217189992545173,7.642634998774156,2.06775899278,1,1,0,,,,,,,,,,,,,,local_map_fast,True,8,6475,0,False,False,False,,,,inactive,,,,,,,,,,
front_end,5451599.81787024,True,icp_accepted,3069,1.0,0.06565335993836716,10.68214699625969,7.520126004237682,5.446314986329526,1.9466029771137983,1,1,0,,,,,,,,,,,,,,local_map_fast,False,8,6475,0,False,False,False,,,,inactive,,,,,,,,,,
front_end,5451599.918187744,True,icp_accepted,3246,1.0,0.06980905305010889,10.051340010249987,7.108877995051444,5.099287984194234,2.2109970159363,1,1,0,,,,,,,,,,,,,,local_map_fast,False,8,6475,0,False,False,False,,,,inactive,,,,,,,,,,
front_end,5451600.018036896,True,icp_accepted,3055,1.0,0.07165991613547361,11.849506001453847,7.014812988927588,5.049975006841123,2.261600981000811,1,1,0,,,,,,,,,,,,,,local_map_fast,True,9,6650,0,False,False,False,,,,inactive,,,,,,,,,,
optimized_backend,,,,,,,,,,,,,,,,,,,,,,,,,,,,,,,,,,,,,,,,,7,6,0,,,,pose_graph,False
front_end,5451600.117988288,True,icp_accepted,3263,1.0,0.0748678131951556,11.022973980288953,7.733865000773221,5.225012981100008,2.3131369962356985,1,1,0,,,,,,,,,,,,,,local_map_fast,False,9,6650,0,False,False,False,,,,inactive,,,,,,,,,,
front_end,5451600.218030304,True,icp_accepted,3225,1.0,0.08293304378605308,15.043257997604087,9.327079023933038,6.696438998915255,2.6649840001482517,1,1,0,,,,,,,,,,,,,,local_map_fast,True,10,6969,0,False,False,False,,,,inactive,,,,,,,,,,
optimized_backend,,,,,,,,,,,,,,,,,,,,,,,,,,,,,,,,,,,,,,,,,8,7,0,,,,pose_graph,False
front_end,5451600.318049024,True,icp_accepted,3130,1.0,0.0752209578758967,11.165308998897672,7.612007000716403,5.483915010700002,2.785218006465584,1,1,0,,,,,,,,,,,,,,local_map_fast,False,10,6969,0,False,False,False,,,,inactive,,,,,,,,,,
front_end,5451600.417949856,True,icp_accepted,3156,1.0,0.07035869403816723,13.497342995833606,8.686654007760808,6.45370502024889,2.141756995115429,1,1,0,,,,,,,,,,,,,,local_map_fast,True,11,7131,0,False,False,False,,,,inactive,,,,,,,,,,
front_end,5451600.51807568,True,icp_accepted,3061,1.0,0.06267438153148251,13.409929000772536,9.667072998126969,7.113968022167683,3.02133901277557,1,1,0,,,,,,,,,,,,,,local_map_fast,False,11,7131,0,False,False,False,,,,inactive,,,,,,,,,,
optimized_backend,,,,,,,,,,,,,,,,,,,,,,,,,,,,,,,,,,,,,,,,,9,8,0,,,,pose_graph,False
front_end,5451600.618002848,True,icp_accepted,3163,1.0,0.06596485633108375,12.860614020610228,9.710204001748934,7.297189993551001,2.1667440014425665,1,1,0,,,,,,,,,,,,,,local_map_fast,False,11,7131,0,False,False,False,,,,inactive,,,,,,,,,,
front_end,5451600.71783872,True,icp_accepted,3025,1.0,0.06551622764341612,14.626799995312467,6.930425006430596,4.744876001495868,2.2097849869169295,1,1,0,,,,,,,,,,,,,,local_map_fast,True,12,7228,0,False,False,False,,,,inactive,,,,,,,,,,
front_end,5451600.818045568,True,icp_accepted,3022,1.0,0.07163470570147375,13.135155983036384,9.621988981962204,7.022756995866075,2.7942050073761493,1,1,0,,,,,,,,,,,,,,local_map_fast,False,12,7228,0,False,False,False,,,,inactive,,,,,,,,,,
front_end,5451600.918074976,True,icp_accepted,3036,1.0,0.08696276901119325,13.845341018168256,7.297149015357718,5.3556960192508996,2.466703997924924,1,1,0,,,,,,,,,,,,,,local_map_fast,True,12,7015,0,False,False,False,,,,inactive,,,,,,,,,,
optimized_backend,,,,,,,,,,,,,,,,,,,,,,,,,,,,,,,,,,,,,,,,,10,9,0,,,,pose_graph,False
front_end,5451601.017857792,True,icp_accepted,3002,1.0,0.06898157236469753,11.778163985582069,7.8426180116366595,5.498482991242781,2.754390996415168,1,1,0,,,,,,,,,,,,,,local_map_fast,False,12,7015,0,False,False,False,,,,inactive,,,,,,,,,,
front_end,5451601.11815072,True,icp_accepted,3091,1.0,0.07055530703903488,12.98788099666126,7.665326993446797,5.600202013738453,2.135174989234656,1,1,0,,,,,,,,,,,,,,local_map_fast,True,12,6875,0,False,False,False,,,,inactive,,,,,,,,,,
optimized_backend,,,,,,,,,,,,,,,,,,,,,,,,,,,,,,,,,,,,,,,,,11,10,0,,,,pose_graph,False
front_end,5451601.218010784,True,icp_accepted,2941,1.0,0.06272610160021662,12.721804989269003,9.641004988225177,7.3009269835893065,2.144502999726683,1,1,0,,,,,,,,,,,,,,local_map_fast,False,12,6875,0,False,False,False,,,,inactive,,,,,,,,,,
front_end,5451601.317932704,True,icp_accepted,3031,1.0,0.06621929503381432,10.135547985555604,7.16432198532857,4.909815004793927,2.2195229830686003,1,1,0,,,,,,,,,,,,,,local_map_fast,False,12,6875,0,False,False,False,,,,inactive,,,,,,,,,,
front_end,5451601.418173056,True,icp_accepted,2946,1.0,0.06712293074813143,12.69910199334845,6.757382012438029,4.715501010650769,2.505276002921164,1,1,0,,,,,,,,,,,,,,local_map_fast,True,12,6776,0,False,False,False,,,,inactive,,,,,,,,,,
front_end,5451601.51800736,True,icp_accepted,2882,1.0,0.06548482875325508,13.144253985956311,10.147950990358368,7.493385986890644,2.1129929809831083,1,1,0,,,,,,,,,,,,,,local_map_fast,False,12,6776,0,False,False,False,,,,inactive,,,,,,,,,,
optimized_backend,,,,,,,,,,,,,,,,,,,,,,,,,,,,,,,,,,,,,,,,,12,11,0,,,,pose_graph,False
front_end,5451601.617903968,True,icp_accepted,2785,1.0,0.07137621364915236,13.642063015140593,7.163441012380645,5.054223001934588,2.949936024378985,1,1,0,,,,,,,,,,,,,,local_map_fast,True,12,6680,0,False,False,False,,,,inactive,,,,,,,,,,
front_end,5451601.717815168,True,icp_accepted,2698,1.0,0.06635325240173354,12.003654992440715,9.237030986696482,6.497086986200884,1.9368349749129266,1,1,0,,,,,,,,,,,,,,local_map_fast,False,12,6680,0,False,False,False,,,,inactive,,,,,,,,,,
optimized_backend,,,,,,,,,,,,,,,,,,,,,,,,,,,,,,,,,,,,,,,,,13,12,0,,,,pose_graph,False
front_end,5451601.818058624,True,icp_accepted,2745,1.0,0.06548589188280303,14.246830978663638,7.185480993939564,5.011393979657441,2.1349239978007972,1,1,0,,,,,,,,,,,,,,local_map_fast,True,12,6480,0,False,False,False,,,,inactive,,,,,,,,,,
front_end,5451601.917967104,True,icp_accepted,2782,1.0,0.06162592969249713,12.331976991845295,9.566255001118407,6.840496993390843,1.8803589919116348,1,1,0,,,,,,,,,,,,,,local_map_fast,False,12,6480,0,False,False,False,,,,inactive,,,,,,,,,,
front_end,5451602.018171968,True,icp_accepted,2793,1.0,0.06282907848846253,13.335369993001223,10.746096988441423,8.247474004747346,1.7824269889388233,1,1,0,,,,,,,,,,,,,,local_map_fast,False,12,6480,0,False,False,False,,,,inactive,,,,,,,,,,
optimized_backend,,,,,,,,,,,,,,,,,,,,,,,,,,,,,,,,,,,,,,,,,14,13,0,,,,pose_graph,False
front_end,5451602.118025728,True,icp_accepted,2751,1.0,0.06507006630891633,17.521664005471393,11.173965991474688,8.158126991475001,2.5770300126168877,1,1,0,,,,,,,,,,,,,,local_map_fast,True,12,6425,0,False,False,False,,,,inactive,,,,,,,,,,
front_end,5451602.217889344,True,icp_accepted,2759,1.0,0.061586505696557645,9.997930988902226,7.014552014879882,4.636774014215916,1.9721309945452958,1,1,0,,,,,,,,,,,,,,local_map_fast,False,12,6425,0,False,False,False,,,,inactive,,,,,,,,,,
front_end,5451602.317776512,True,icp_accepted,2702,1.0,0.06515997773957986,12.021789007121697,6.276546017033979,4.356992983957753,2.017416001763195,1,1,0,,,,,,,,,,,,,,local_map_fast,True,12,6343,0,False,False,False,,,,inactive,,,,,,,,,,
optimized_backend,,,,,,,,,,,,,,,,,,,,,,,,,,,,,,,,,,,,,,,,,15,14,0,,,,pose_graph,False
front_end,5451602.418072448,True,icp_accepted,2732,1.0,0.06626861025361791,10.666890011634678,7.066740014124662,4.880268999841064,2.404597995337099,1,1,0,,,,,,,,,,,,,,local_map_fast,False,12,6343,0,False,False,False,,,,inactive,,,,,,,,,,
front_end,5451602.517903072,True,icp_accepted,2753,1.0,0.06296351442765619,12.363096000626683,6.978626013733447,5.053803004557267,1.747320988215506,1,1,0,,,,,,,,,,,,,,local_map_fast,True,12,6253,0,False,False,False,,,,inactive,,,,,,,,,,
optimized_backend,,,,,,,,,,,,,,,,,,,,,,,,,,,,,,,,,,,,,,,,,16,15,0,,,,pose_graph,False
front_end,5451602.617865664,True,icp_accepted,2843,1.0,0.06161158005944054,11.398255010135472,8.136838005157188,5.517487996257842,2.298970997799188,1,1,0,,,,,,,,,,,,,,local_map_fast,False,12,6253,0,False,False,False,,,,inactive,,,,,,,,,,
front_end,5451602.71770832,True,icp_accepted,2933,1.0,0.06352886790919691,11.250609008129686,7.44346299325116,5.307826999342069,2.5819489965215325,1,1,0,,,,,,,,,,,,,,local_map_fast,False,12,6253,0,False,False,False,,,,inactive,,,,,,,,,,
front_end,5451602.818005792,True,icp_accepted,2802,1.0,0.06550717632684527,13.382158009335399,7.196563004981726,4.767919017467648,2.3853019811213017,1,1,0,,,,,,,,,,,,,,local_map_fast,True,12,6134,0,False,False,False,,,,inactive,,,,,,,,,,
front_end,5451602.918027424,True,icp_accepted,2829,1.0,0.06144540184780581,12.70685700001195,9.696127992356196,7.394743006443605,1.8051389779429883,1,1,0,,,,,,,,,,,,,,local_map_fast,False,12,6134,0,False,False,False,,,,inactive,,,,,,,,,,
optimized_backend,,,,,,,,,,,,,,,,,,,,,,,,,,,,,,,,,,,,,,,,,17,16,0,,,,pose_graph,False
front_end,5451603.0179368,True,icp_accepted,2722,1.0,0.0656757021639062,14.574263012036681,10.118767007952556,7.654317014385015,2.0587430044543,1,1,0,,,,,,,,,,,,,,local_map_fast,True,12,6041,0,False,False,False,,,,inactive,,,,,,,,,,
front_end,5451603.117969888,True,icp_accepted,2638,1.0,0.0635826391699607,11.109726008726284,7.247146015288308,4.763460980029777,2.153769979486242,1,1,0,,,,,,,,,,,,,,local_map_fast,False,12,6041,0,False,False,False,,,,inactive,,,,,,,,,,
optimized_backend,,,,,,,,,,,,,,,,,,,,,,,,,,,,,,,,,,,,,,,,,18,17,0,,,,pose_graph,False
front_end,5451603.218056992,True,icp_accepted,2678,1.0,0.0640133940924771,15.217342996038496,9.727657015901059,7.551235001301393,2.530343015678227,1,1,0,,,,,,,,,,,,,,local_map_fast,True,12,6002,0,False,False,False,,,,inactive,,,,,,,,,,
front_end,5451603.318026976,True,icp_accepted,2611,1.0,0.06147504997705028,10.97488499362953,7.028408988844603,4.692999995313585,2.4306770064868033,1,1,0,,,,,,,,,,,,,,local_map_fast,False,12,6002,0,False,False,False,,,,inactive,,,,,,,,,,
front_end,5451603.417852928,True,icp_accepted,2788,1.0,0.06352985876309414,9.920356998918578,7.202603999758139,5.162696004845202,1.9063279905822128,1,1,0,,,,,,,,,,,,,,local_map_fast,False,12,6002,0,False,False,False,,,,inactive,,,,,,,,,,
optimized_backend,,,,,,,,,,,,,,,,,,,,,,,,,,,,,,,,,,,,,,,,,19,18,0,,,,pose_graph,False
front_end,5451603.517915072,True,icp_accepted,2643,1.0,0.07165322643415933,15.413509972859174,10.334969992982224,7.794328994350508,2.3419219942297786,1,1,0,,,,,,,,,,,,,,local_map_fast,True,12,5794,0,False,False,False,,,,inactive,,,,,,,,,,
front_end,5451603.617853152,True,icp_accepted,2649,1.0,0.06727642164642236,10.959756997181103,8.16229500924237,5.206207977607846,2.0158219849690795,1,1,0,,,,,,,,,,,,,,local_map_fast,False,12,5794,0,False,False,False,,,,inactive,,,,,,,,,,
front_end,5451603.712171264,True,icp_accepted,2590,1.0,0.07538599331173046,12.568890990223736,6.996358977630734,4.85920999199152,2.2243220009841025,1,1,0,,,,,,,,,,,,,,local_map_fast,True,12,5768,0,False,False,False,,,,inactive,,,,,,,,,,
optimized_backend,,,,,,,,,,,,,,,,,,,,,,,,,,,,,,,,,,,,,,,,,20,19,0,,,,pose_graph,False
front_end,5451603.818070016,True,icp_accepted,2356,1.0,0.06994341508381959,10.639498999807984,7.79750500805676,5.777232989203185,2.053934003924951,1,1,0,,,,,,,,,,,,,,local_map_fast,False,12,5768,0,False,False,False,,,,inactive,,,,,,,,,,
front_end,5451603.918001824,True,icp_accepted,2559,1.0,0.06748049716516426,12.618602981092408,6.3654510013293475,4.4413199939299375,2.450274012517184,1,1,0,,,,,,,,,,,,,,local_map_fast,True,12,5727,0,False,False,False,,,,inactive,,,,,,,,,,
optimized_backend,,,,,,,,,,,,,,,,,,,,,,,,,,,,,,,,,,,,,,,,,21,20,0,,,,pose_graph,False
front_end,5451604.0180544,True,icp_accepted,2378,1.0,0.061990165723552565,13.260501000331715,10.734356008470058,8.157717005815357,1.5580480103380978,1,1,0,,,,,,,,,,,,,,local_map_fast,False,12,5727,0,False,False,False,,,,inactive,,,,,,,,,,
front_end,5451604.118077664,True,icp_accepted,2505,1.0,0.06154381075380084,10.03531098831445,7.132452999940142,5.070002982392907,1.8924720061477274,1,1,0,,,,,,,,,,,,,,local_map_fast,False,12,5727,0,False,False,False,,,,inactive,,,,,,,,,,
front_end,5451604.217928544,True,icp_accepted,2435,1.0,0.06478206968353072,13.447331002680585,9.182981011690572,7.040631986455992,1.7457389913033694,1,1,0,,,,,,,,,,,,,,local_map_fast,True,12,5590,0,False,False,False,,,,inactive,,,,,,,,,,
front_end,5451604.317826464,True,icp_accepted,2500,1.0,0.07120802743330218,11.579422978684306,9.02062698150985,6.023302994435653,1.8548420048318803,1,1,0,,,,,,,,,,,,,,local_map_fast,False,12,5590,0,False,False,False,,,,inactive,,,,,,,,,,
optimized_backend,,,,,,,,,,,,,,,,,,,,,,,,,,,,,,,,,,,,,,,,,22,21,0,,,,pose_graph,False
front_end,5451604.418027424,True,icp_accepted,2637,1.0,0.10299981806227258,13.462750008329749,8.475640992401168,6.254194013308734,2.2919379989616573,1,1,0,,,,,,,,,,,,,,local_map_fast,True,12,5817,0,False,False,False,,,,inactive,,,,,,,,,,
front_end,5451604.51791216,True,icp_accepted,2659,1.0,0.08854748092412608,10.427733999677002,7.327658007852733,5.257393000647426,2.026953996391967,1,1,0,,,,,,,,,,,,,,local_map_fast,False,12,5817,0,False,False,False,,,,inactive,,,,,,,,,,
optimized_backend,,,,,,,,,,,,,,,,,,,,,,,,,,,,,,,,,,,,,,,,,23,22,0,,,,pose_graph,False
front_end,5451604.617918464,True,icp_accepted,2691,1.0,0.09039385981555736,15.888617024756968,11.04165002470836,8.986944012576714,2.0225250045768917,1,1,0,,,,,,,,,,,,,,local_map_fast,True,12,5926,0,False,False,False,,,,inactive,,,,,,,,,,
front_end,5451604.717986432,True,icp_accepted,2775,1.0,0.06516410366921224,15.825619018869475,11.763146001612768,8.088097005384043,2.9426830005832016,1,1,0,,,,,,,,,,,,,,local_map_fast,False,12,5926,0,False,False,False,,,,inactive,,,,,,,,,,
front_end,5451604.81791136,True,icp_accepted,2694,1.0,0.06533877896009947,15.272115997504443,10.243109019938856,6.731514004059136,1.5864319866523147,1,1,0,,,,,,,,,,,,,,local_map_fast,True,12,5744,0,False,False,False,,,,inactive,,,,,,,,,,
optimized_backend,,,,,,,,,,,,,,,,,,,,,,,,,,,,,,,,,,,,,,,,,24,23,0,,,,pose_graph,False
front_end,5451604.918018048,True,icp_accepted,2798,1.0,0.06211335121427847,16.645308991428465,13.348404987482354,10.62320897472091,2.458478993503377,1,1,0,,,,,,,,,,,,,,local_map_fast,False,12,5744,0,False,False,False,,,,inactive,,,,,,,,,,
front_end,5451605.017949952,True,icp_accepted,2918,1.0,0.06527883453785194,10.98325100610964,8.346358983544633,5.316172988386825,1.8569660023786128,1,1,0,,,,,,,,,,,,,,local_map_fast,False,12,5744,0,False,False,False,,,,inactive,,,,,,,,,,
front_end,5451605.1178368,True,icp_accepted,2980,1.0,0.07246158740354654,12.118168990127742,6.932649994269013,5.054765002569184,2.019588981056586,1,1,0,,,,,,,,,,,,,,local_map_fast,True,12,5951,0,False,False,False,,,,inactive,,,,,,,,,,
optimized_backend,,,,,,,,,,,,,,,,,,,,,,,,,,,,,,,,,,,,,,,,,25,24,0,,,,pose_graph,False
front_end,5451605.217894784,True,icp_accepted,3077,1.0,0.08127736044167512,18.382002017460763,14.79113899404183,11.775980994571,2.569686999777332,1,1,0,,,,,,,,,,,,,,local_map_fast,False,12,5951,0,False,False,False,,,,inactive,,,,,,,,,,
front_end,5451605.318027712,True,icp_accepted,3018,1.0,0.10506150862317129,14.522647979902104,8.996432996354997,6.756771996151656,2.46953999157995,1,1,0,,,,,,,,,,,,,,local_map_fast,True,12,6390,0,False,False,False,,,,inactive,,,,,,,,,,
optimized_backend,,,,,,,,,,,,,,,,,,,,,,,,,,,,,,,,,,,,,,,,,26,26,1,,,,pose_graph,True
front_end,5451605.41571344,True,icp_accepted,3067,1.0,0.07064088955838345,18.308294005692005,9.321690013166517,6.637259008130059,7.978242007084191,1,1,0,,,,,,,,,,,,,,local_map_fast,False,12,6390,0,False,False,False,,,,inactive,,,,,,,,,,
front_end,5451605.517891168,True,icp_accepted,3054,1.0,0.07959231272633849,16.272975015453994,9.606311010429636,7.356871996307746,2.7271400031168014,1,1,0,,,,,,,,,,,,,,local_map_fast,True,12,6118,0,False,False,False,,,,inactive,,,,,,,,,,
front_end,5451605.618024928,True,icp_accepted,3090,1.0,0.06017681395543042,11.603368999203667,8.017054991796613,5.608598992694169,2.6508579903747886,1,1,0,,,,,,,,,,,,,,local_map_fast,False,12,6118,0,False,False,False,,,,inactive,,,,,,,,,,
front_end,5451605.717883616,True,icp_accepted,3058,1.0,0.06488761895763906,25.43147001415491,15.913573995931074,13.096565991872922,8.232566993683577,1,1,0,,,,,,,,,,,,,,local_map_fast,False,12,6118,0,False,False,False,,,,inactive,,,,,,,,,,
front_end,5451605.817967584,True,icp_accepted,3197,1.0,0.06915712288803089,21.276994986692443,8.957479993114248,6.468823994509876,7.3269360000267625,1,1,0,,,,,,,,,,,,,,local_map_fast,True,12,6160,0,False,False,False,,,,inactive,,,,,,,,,,
optimized_backend,,,,,,,,,,,,,,,,,,,,,,,,,,,,,,,,,,,,,,,,,27,28,2,,,,pose_graph,True
front_end,5451605.917938368,True,icp_accepted,3079,1.0,0.0788576674147125,14.349293982377276,8.132669987389818,5.587689985986799,3.3595509885344654,1,1,0,,,,,,,,,,,,,,local_map_fast,True,12,6232,0,False,False,False,,,,inactive,,,,,,,,,,
front_end,5451606.0179392,True,icp_accepted,3144,1.0,0.08062084747273988,33.75207100179978,15.4280370043125,10.40281800669618,14.317124005174264,1,1,0,,,,,,,,,,,,,,local_map_fast,False,12,6232,0,False,False,False,,,,inactive,,,,,,,,,,
front_end,5451606.118025856,True,icp_accepted,3139,1.0,0.08843929454359772,28.159170993603766,14.125696994597092,10.672470991266891,10.425299988128245,1,1,0,,,,,,,,,,,,,,local_map_fast,True,12,6348,0,False,False,False,,,,inactive,,,,,,,,,,
front_end,5451606.21794144,True,icp_accepted,3060,1.0,0.06673393546137484,21.862539026187733,13.539122010115534,11.063031008234248,6.680810998659581,1,1,0,,,,,,,,,,,,,,local_map_fast,False,12,6348,0,False,False,False,,,,inactive,,,,,,,,,,
optimized_backend,,,,,,,,,,,,,,,,,,,,,,,,,,,,,,,,,,,,,,,,,28,30,3,,,,pose_graph,True
front_end,5451606.31793376,True,icp_accepted,2954,1.0,0.06769130094812814,23.697835014900193,12.864282994996756,9.989957005018368,9.56959297764115,1,1,0,,,,,,,,,,,,,,local_map_fast,False,12,6348,0,False,False,False,,,,inactive,,,,,,,,,,
front_end,5451606.417849152,True,icp_accepted,2859,1.0,0.0627113833464792,24.60763300769031,11.165322008309886,8.387266017962247,11.611935013206676,1,1,0,,,,,,,,,,,,,,local_map_fast,False,12,6348,0,False,False,False,,,,inactive,,,,,,,,,,
front_end,5451606.51804544,True,icp_accepted,2773,1.0,0.06416821417065606,23.042350978357717,13.554279983509332,10.78773700282909,8.295523992273957,1,1,0,,,,,,,,,,,,,,local_map_fast,False,12,6348,0,False,False,False,,,,inactive,,,,,,,,,,
front_end,5451606.617838208,True,icp_accepted,2881,1.0,0.07222725691598529,22.3580640158616,9.516153018921614,6.969139009015635,9.438206994673237,1,1,0,,,,,,,,,,,,,,local_map_fast,True,12,6359,0,False,False,False,,,,inactive,,,,,,,,,,
front_end,5451606.717936352,True,icp_accepted,2979,1.0,0.07617904617221835,18.274140980793163,9.90157198975794,7.401074981316924,7.317387993680313,1,1,0,,,,,,,,,,,,,,local_map_fast,False,12,6359,0,False,False,False,,,,inactive,,,,,,,,,,
optimized_backend,,,,,,,,,,,,,,,,,,,,,,,,,,,,,,,,,,,,,,,,,29,32,4,,,,pose_graph,True
front_end,5451606.817950304,True,icp_accepted,2977,1.0,0.07454663683794728,17.43835100205615,13.124910008627921,10.290487989550456,2.787944016745314,1,1,0,,,,,,,,,,,,,,local_map_fast,False,12,6359,0,False,False,False,,,,inactive,,,,,,,,,,
front_end,5451606.91785776,True,icp_accepted,2880,1.0,0.06578848859927448,11.000875005265698,6.659801991190761,4.584748006891459,3.059770999243483,1,1,0,,,,,,,,,,,,,,local_map_fast,False,12,6359,0,False,False,False,,,,inactive,,,,,,,,,,
front_end,5451607.017006016,True,icp_accepted,2900,1.0,0.06525417798450002,10.60994400177151,7.241657003760338,5.2843239973299205,2.3859840002842247,1,1,0,,,,,,,,,,,,,,local_map_fast,False,12,6359,0,False,False,False,,,,inactive,,,,,,,,,,
front_end,5451607.11772416,True,icp_accepted,2851,1.0,0.06625805976456442,10.41939901188016,7.037016010144725,4.6566620003432035,2.1681170037481934,1,1,0,,,,,,,,,,,,,,local_map_fast,False,12,6359,0,False,False,False,,,,inactive,,,,,,,,,,
front_end,5451607.217936448,True,icp_accepted,2685,1.0,0.06843658047779164,9.840219019679353,7.181485998444259,5.263334984192625,1.6854960122145712,1,1,0,,,,,,,,,,,,,,local_map_fast,False,12,6359,0,False,False,False,,,,inactive,,,,,,,,,,
front_end,5451607.31790912,True,icp_accepted,2696,1.0,0.068391779090363,12.156511016655713,8.17135302349925,5.347311991499737,3.119162021903321,1,1,0,,,,,,,,,,,,,,local_map_fast,False,12,6359,0,False,False,False,,,,inactive,,,,,,,,,,
front_end,5451607.417687904,True,icp_accepted,2725,1.0,0.06895630087536025,11.920151009690017,8.592719997977838,5.467696028063074,2.130306005710736,1,1,0,,,,,,,,,,,,,,local_map_fast,False,12,6359,0,False,False,False,,,,inactive,,,,,,,,,,
front_end,5451607.517935712,True,icp_accepted,2731,1.0,0.0685244316466067,11.731308011803776,8.418915007496253,6.53149199206382,2.492964005796239,1,1,0,,,,,,,,,,,,,,local_map_fast,False,12,6359,0,False,False,False,,,,inactive,,,,,,,,,,
front_end,5451607.61797104,True,icp_accepted,2751,1.0,0.06862437033563426,9.768615011125803,6.489073013653979,4.545825999230146,2.2146340052131563,1,1,0,,,,,,,,,,,,,,local_map_fast,False,12,6359,0,False,False,False,,,,inactive,,,,,,,,,,
front_end,5451607.717900288,True,icp_accepted,2766,1.0,0.07477630493239637,12.42572400951758,9.074549016077071,7.097417983459309,2.269456017529592,1,1,0,,,,,,,,,,,,,,local_map_fast,False,12,6359,0,False,False,False,,,,inactive,,,,,,,,,,
front_end,5451607.817882464,True,icp_accepted,2822,1.0,0.07826872487997365,10.391276999143884,7.094072003383189,4.692388989496976,1.966361014638096,1,1,0,,,,,,,,,,,,,,local_map_fast,False,12,6359,0,False,False,False,,,,inactive,,,,,,,,,,
front_end,5451607.917782112,True,icp_accepted,2814,1.0,0.08008005293061689,9.727367985760793,6.719232973409817,4.6217169729061425,2.255709987366572,1,1,0,,,,,,,,,,,,,,local_map_fast,False,12,6359,0,False,False,False,,,,inactive,,,,,,,,,,
front_end,5451608.017772192,True,icp_accepted,2755,1.0,0.0836586747124993,10.194087983109057,6.708422006340697,4.574859980493784,2.281188004417345,1,1,0,,,,,,,,,,,,,,local_map_fast,False,12,6359,0,False,False,False,,,,inactive,,,,,,,,,,
front_end,5451608.117898528,True,icp_accepted,2832,1.0,0.08753642091904518,9.18078699032776,6.533745996421203,4.577423998853192,1.7453180043958127,1,1,0,,,,,,,,,,,,,,local_map_fast,False,12,6359,0,False,False,False,,,,inactive,,,,,,,,,,
front_end,5451608.217979872,True,icp_accepted,2771,1.0,0.09169390898406803,10.91267101583071,8.33397702081129,6.28262700047344,1.6743550077080727,1,1,0,,,,,,,,,,,,,,local_map_fast,False,12,6359,0,False,False,False,,,,inactive,,,,,,,,,,
front_end,5451608.317800288,True,icp_accepted,2786,1.0,0.09082256871101752,11.567120993277058,8.523479977156967,6.2263729923870414,2.016113983700052,1,1,0,,,,,,,,,,,,,,local_map_fast,False,12,6359,0,False,False,False,,,,inactive,,,,,,,,,,
front_end,5451608.417899328,True,icp_accepted,2794,1.0,0.0956664337463068,9.556659002555534,6.61738301278092,4.686338012106717,1.7719180032145232,1,1,0,,,,,,,,,,,,,,local_map_fast,False,12,6359,0,False,False,False,,,,inactive,,,,,,,,,,
front_end,5451608.51795696,True,icp_accepted,2767,1.0,0.09553448648922905,10.5060420173686,6.870696000987664,4.834794992348179,1.6675829829182476,1,1,0,,,,,,,,,,,,,,local_map_fast,False,12,6359,0,False,False,False,,,,inactive,,,,,,,,,,
front_end,5451608.61789984,True,icp_accepted,2724,1.0,0.09759361869193284,14.869435981381685,12.133518990594894,9.888938977383077,1.9099950150121003,1,1,0,,,,,,,,,,,,,,local_map_fast,False,12,6359,0,False,False,False,,,,inactive,,,,,,,,,,
front_end,5451608.71798784,True,icp_accepted,2793,1.0,0.10525847760369964,10.070668999105692,7.189811003627256,5.1246559887658805,1.5281929809134454,1,1,0,,,,,,,,,,,,,,local_map_fast,False,12,6359,0,False,False,False,,,,inactive,,,,,,,,,,
front_end,5451608.817868672,True,icp_accepted,2845,1.0,0.1066556278022609,12.837432994274423,10.097207996295765,7.234554010210559,1.9211159960832447,1,1,0,,,,,,,,,,,,,,local_map_fast,False,12,6359,0,False,False,False,,,,inactive,,,,,,,,,,
front_end,5451608.917872704,True,icp_accepted,2733,1.0,0.10436562577563309,9.209311014274135,6.568732002051547,4.642656014766544,1.7499969981145114,1,1,0,,,,,,,,,,,,,,local_map_fast,False,12,6359,0,False,False,False,,,,inactive,,,,,,,,,,
front_end,5451609.017721536,True,icp_accepted,2781,1.0,0.10351674224247816,9.068478015251458,6.370722025167197,4.470535001019016,1.8343940027989447,1,1,0,,,,,,,,,,,,,,local_map_fast,False,12,6359,0,False,False,False,,,,inactive,,,,,,,,,,
front_end,5451609.117969824,True,icp_accepted,2845,1.0,0.10838567509892556,9.367596998345107,6.115665979450569,4.127163992961869,1.992208999581635,1,1,0,,,,,,,,,,,,,,local_map_fast,False,12,6359,0,False,False,False,,,,inactive,,,,,,,,,,
front_end,5451609.21782624,True,icp_accepted,2816,1.0,0.112941943415358,9.163565002381802,6.392192008206621,4.3837430130224675,1.6936610045377165,1,1,0,,,,,,,,,,,,,,local_map_fast,False,12,6359,0,False,False,False,,,,inactive,,,,,,,,,,
front_end,5451609.317815552,True,icp_accepted,2835,1.0,0.10732137408104689,11.32258601137437,8.257284003775567,6.251559010706842,2.194035012507811,1,1,0,,,,,,,,,,,,,,local_map_fast,False,12,6359,0,False,False,False,,,,inactive,,,,,,,,,,
front_end,5451609.417984544,True,icp_accepted,2833,1.0,0.11107815709379142,9.538996004266664,6.947778980247676,4.531888989731669,1.5262089727912098,1,1,0,,,,,,,,,,,,,,local_map_fast,False,12,6359,0,False,False,False,,,,inactive,,,,,,,,,,
front_end,5451609.51784752,True,icp_accepted,2830,1.0,0.10922535161327272,10.367632989073172,7.864038983825594,5.9532019949983805,1.713237987132743,1,1,0,,,,,,,,,,,,,,local_map_fast,False,12,6359,0,False,False,False,,,,inactive,,,,,,,,,,
front_end,5451609.617764,True,icp_accepted,2749,1.0,0.10765944509808856,9.33826100663282,6.7778519878629595,4.730530985398218,1.6721409920137376,1,1,0,,,,,,,,,,,,,,local_map_fast,False,12,6359,0,False,False,False,,,,inactive,,,,,,,,,,
front_end,5451609.717945952,True,icp_accepted,2829,1.0,0.10839972277214223,10.254471009830013,6.668777990853414,4.715953022241592,2.038715989328921,1,1,0,,,,,,,,,,,,,,local_map_fast,False,12,6359,0,False,False,False,,,,inactive,,,,,,,,,,
front_end,5451609.818039136,True,icp_accepted,2783,1.0,0.11254834191667175,9.974239015718922,6.955252989428118,4.994832997908816,1.6332890081685036,1,1,0,,,,,,,,,,,,,,local_map_fast,False,12,6359,0,False,False,False,,,,inactive,,,,,,,,,,
front_end,5451609.917763776,True,icp_accepted,2750,1.0,0.11106181675326372,9.294190007494763,6.598478008527309,4.6115180011838675,1.6466839879285544,1,1,0,,,,,,,,,,,,,,local_map_fast,False,12,6359,0,False,False,False,,,,inactive,,,,,,,,,,
front_end,5451610.017902304,True,icp_accepted,2704,1.0,0.1057986832110451,10.449747001985088,7.669497019378468,5.513643001904711,1.5939849836286157,1,1,0,,,,,,,,,,,,,,local_map_fast,False,12,6359,0,False,False,False,,,,inactive,,,,,,,,,,
front_end,5451610.117811488,True,icp_accepted,2791,1.0,0.11016335308675046,9.766321018105373,6.980200007092208,4.794220003532246,1.6709289920981973,1,1,0,,,,,,,,,,,,,,local_map_fast,False,12,6359,0,False,False,False,,,,inactive,,,,,,,,,,
front_end,5451610.217816928,True,icp_accepted,2725,1.0,0.11119146645750513,9.833635995164514,6.927080015884712,4.945622989907861,1.895327994134277,1,1,0,,,,,,,,,,,,,,local_map_fast,False,12,6359,0,False,False,False,,,,inactive,,,,,,,,,,
front_end,5451610.31797872,True,icp_accepted,2753,1.0,0.10517507883541155,10.19924899446778,7.381208008155227,5.1122530130669475,1.8014230008702725,1,1,0,,,,,,,,,,,,,,local_map_fast,False,12,6359,0,False,False,False,,,,inactive,,,,,,,,,,
front_end,5451610.4178368,True,icp_accepted,2792,1.0,0.10287943768914291,9.79888200527057,6.255626998608932,4.3417050037533045,2.1901580039411783,1,1,0,,,,,,,,,,,,,,local_map_fast,False,12,6359,0,False,False,False,,,,inactive,,,,,,,,,,
front_end,5451610.517741792,True,icp_accepted,2758,1.0,0.10609781292862668,9.916971990605816,6.7260249925311655,4.767289996379986,1.8507950007915497,1,1,0,,,,,,,,,,,,,,local_map_fast,False,12,6359,0,False,False,False,,,,inactive,,,,,,,,,,
front_end,5451610.617870304,True,icp_accepted,2765,1.0,0.1032209204261962,9.82120298431255,7.225859008030966,5.244940984994173,1.632828003494069,1,1,0,,,,,,,,,,,,,,local_map_fast,False,12,6359,0,False,False,False,,,,inactive,,,,,,,,,,
front_end,5451610.717704928,True,icp_accepted,2777,1.0,0.0998519487784323,14.299463015049696,10.962503991322592,7.16055600787513,2.1508449863176793,1,1,0,,,,,,,,,,,,,,local_map_fast,False,12,6359,0,False,False,False,,,,inactive,,,,,,,,,,
front_end,5451610.817919296,True,icp_accepted,2774,1.0,0.10140236707794592,9.975451015634462,7.1130580035969615,4.803075978998095,1.6260450065601617,1,1,0,,,,,,,,,,,,,,local_map_fast,False,12,6359,0,False,False,False,,,,inactive,,,,,,,,,,
front_end,5451610.917884768,True,icp_accepted,2766,1.0,0.10418939161847598,10.161698999581859,7.106134988134727,5.162207002285868,1.8028260092251003,1,1,0,,,,,,,,,,,,,,local_map_fast,False,12,6359,0,False,False,False,,,,inactive,,,,,,,,,,
front_end,5451611.017783552,True,icp_accepted,2758,1.0,0.10071420840939067,12.136385019402951,8.776012022281066,6.824519019573927,2.405910985544324,1,1,0,,,,,,,,,,,,,,local_map_fast,False,12,6359,0,False,False,False,,,,inactive,,,,,,,,,,
front_end,5451611.117855264,True,icp_accepted,2875,1.0,0.09882538591032446,9.504662011750042,6.598517007660121,4.626295994967222,1.9285299931652844,1,1,0,,,,,,,,,,,,,,local_map_fast,False,12,6359,0,False,False,False,,,,inactive,,,,,,,,,,
front_end,5451611.217776384,True,icp_accepted,2897,1.0,0.10889331955283288,10.112877993378788,6.5806939965114,4.621836997102946,2.062531013507396,1,1,0,,,,,,,,,,,,,,local_map_fast,False,12,6359,0,False,False,False,,,,inactive,,,,,,,,,,
front_end,5451611.318049568,True,icp_accepted,2877,1.0,0.10356209388847658,10.013352002715692,7.137092994526029,5.079752998426557,1.8962699978146702,1,1,0,,,,,,,,,,,,,,local_map_fast,False,12,6359,0,False,False,False,,,,inactive,,,,,,,,,,
front_end,5451611.417800448,True,icp_accepted,2894,1.0,0.1051270114864931,11.076516995672137,8.56301499879919,6.621750973863527,1.6178199730347842,1,1,0,,,,,,,,,,,,,,local_map_fast,False,12,6359,0,False,False,False,,,,inactive,,,,,,,,,,
front_end,5451611.517831392,True,icp_accepted,2897,1.0,0.10204522317264628,10.567436984274536,7.298784999875352,5.053564003901556,2.051089017186314,1,1,0,,,,,,,,,,,,,,local_map_fast,False,12,6359,0,False,False,False,,,,inactive,,,,,,,,,,
front_end,5451611.617809856,True,icp_accepted,2906,1.0,0.1043183665706396,11.803392990259454,9.092953987419605,6.7722119856625795,1.7120759875979275,1,1,0,,,,,,,,,,,,,,local_map_fast,False,12,6359,0,False,False,False,,,,inactive,,,,,,,,,,
front_end,5451611.717846272,True,icp_accepted,2900,1.0,0.10693254652076431,10.091078002005816,6.835880980361253,4.87597199389711,2.120488992659375,1,1,0,,,,,,,,,,,,,,local_map_fast,False,12,6359,0,False,False,False,,,,inactive,,,,,,,,,,
front_end,5451611.817746016,True,icp_accepted,2948,1.0,0.10655497585845447,9.745021990966052,6.776299997000024,4.690296016633511,1.6297420079354197,1,1,0,,,,,,,,,,,,,,local_map_fast,False,12,6359,0,False,False,False,,,,inactive,,,,,,,,,,
front_end,5451611.917688128,True,icp_accepted,2937,1.0,0.1104769354063419,12.331680016359314,9.318655997049063,6.794864981202409,1.6895540175028145,1,1,0,,,,,,,,,,,,,,local_map_fast,False,12,6359,0,False,False,False,,,,inactive,,,,,,,,,,
front_end,5451612.017759552,True,icp_accepted,2932,1.0,0.11376037554313144,10.317870997823775,7.3633659922052175,5.0814660207834095,1.650610996875912,1,1,0,,,,,,,,,,,,,,local_map_fast,False,12,6359,0,False,False,False,,,,inactive,,,,,,,,,,
front_end,5451612.117734144,True,icp_accepted,2960,1.0,0.10979880147929082,13.860153005225584,11.166935990331694,8.916033984860405,1.6779620200395584,1,1,0,,,,,,,,,,,,,,local_map_fast,False,12,6359,0,False,False,False,,,,inactive,,,,,,,,,,
front_end,5451612.217870496,True,icp_accepted,2956,1.0,0.11017438948650689,9.533696982543916,6.80365099105984,4.715051996754482,1.723557012155652,1,1,0,,,,,,,,,,,,,,local_map_fast,False,12,6359,0,False,False,False,,,,inactive,,,,,,,,,,
front_end,5451612.31775648,True,icp_accepted,2968,1.0,0.11030098207649958,10.717597004259005,7.791654992615804,4.971640999428928,2.009912015637383,1,1,0,,,,,,,,,,,,,,local_map_fast,False,12,6359,0,False,False,False,,,,inactive,,,,,,,,,,
front_end,5451612.417812352,True,icp_accepted,2952,1.0,0.11343957755206595,9.442547016078606,6.540049012983218,4.511050996370614,1.9729930208995938,1,1,0,,,,,,,,,,,,,,local_map_fast,False,12,6359,0,False,False,False,,,,inactive,,,,,,,,,,
front_end,5451612.517841856,True,icp_accepted,2991,1.0,0.11262745731302046,9.53250500606373,6.635847996221855,4.667924018576741,1.9260359986219555,1,1,0,,,,,,,,,,,,,,local_map_fast,False,12,6359,0,False,False,False,,,,inactive,,,,,,,,,,
front_end,5451612.617805536,True,icp_accepted,3008,1.0,0.11002503824162846,9.199744003126398,6.557562010129914,4.556055006105453,1.6710989875718951,1,1,0,,,,,,,,,,,,,,local_map_fast,False,12,6359,0,False,False,False,,,,inactive,,,,,,,,,,
front_end,5451612.717855744,True,icp_accepted,2969,1.0,0.11340689974720113,9.457665000809357,6.577257998287678,4.624652996426448,1.8760020029731095,1,1,0,,,,,,,,,,,,,,local_map_fast,False,12,6359,0,False,False,False,,,,inactive,,,,,,,,,,
front_end,5451612.817740576,True,icp_accepted,2966,1.0,0.11330680894707482,9.791218006284907,6.60834601148963,4.67165099689737,1.7562180000822991,1,1,0,,,,,,,,,,,,,,local_map_fast,False,12,6359,0,False,False,False,,,,inactive,,,,,,,,,,
front_end,5451612.917852608,True,icp_accepted,2944,1.0,0.10953236611785432,9.571847971528769,6.9214809918776155,4.949499998474494,1.7123860015999526,1,1,0,,,,,,,,,,,,,,local_map_fast,False,12,6359,0,False,False,False,,,,inactive,,,,,,,,,,
front_end,5451613.017678304,True,icp_accepted,2917,1.0,0.11525657600050232,9.564974985551089,6.693985982565209,4.708740016212687,1.6269769985228777,1,1,0,,,,,,,,,,,,,,local_map_fast,False,12,6359,0,False,False,False,,,,inactive,,,,,,,,,,
front_end,5451613.1177672,True,icp_accepted,3003,1.0,0.11162732379558767,10.083032015245408,6.9261990138329566,4.955561016686261,1.8388030002824962,1,1,0,,,,,,,,,,,,,,local_map_fast,False,12,6359,0,False,False,False,,,,inactive,,,,,,,,,,
front_end,5451613.217714912,True,icp_accepted,2965,1.0,0.11028565928328145,9.56528598908335,6.672685994999483,4.655210999771953,1.660028996411711,1,1,0,,,,,,,,,,,,,,local_map_fast,False,12,6359,0,False,False,False,,,,inactive,,,,,,,,,,
front_end,5451613.317840864,True,icp_accepted,2990,1.0,0.10990450150588366,9.307756001362577,6.682784995064139,4.627457994502038,1.6130119911395013,1,1,0,,,,,,,,,,,,,,local_map_fast,False,12,6359,0,False,False,False,,,,inactive,,,,,,,,,,
front_end,5451613.417742912,True,icp_accepted,2997,1.0,0.10924245481959242,10.172899987082928,7.3268970008939505,5.3776989807374775,1.6444700013380498,1,1,0,,,,,,,,,,,,,,local_map_fast,False,12,6359,0,False,False,False,,,,inactive,,,,,,,,,,
front_end,5451613.517757408,True,icp_accepted,2982,1.0,0.1100191479480376,10.637867992045358,7.069917977787554,4.962884995620698,1.9286599999759346,1,1,0,,,,,,,,,,,,,,local_map_fast,False,12,6359,0,False,False,False,,,,inactive,,,,,,,,,,
front_end,5451613.617814528,True,icp_accepted,2991,1.0,0.11350895341706842,10.888115997659042,7.943839009385556,5.660016002366319,1.8717240018304437,1,1,0,,,,,,,,,,,,,,local_map_fast,False,12,6359,0,False,False,False,,,,inactive,,,,,,,,,,
front_end,5451613.718537664,True,icp_accepted,2952,1.0,0.11334102359207926,10.879690002184361,7.360279996646568,5.090382997877896,1.7437550122849643,1,1,0,,,,,,,,,,,,,,local_map_fast,False,12,6359,0,False,False,False,,,,inactive,,,,,,,,,,
front_end,5451613.81775168,True,icp_accepted,2969,1.0,0.11146188714995788,9.724744013510644,6.8037819874007255,4.727555002318695,1.7505169962532818,1,1,0,,,,,,,,,,,,,,local_map_fast,False,12,6359,0,False,False,False,,,,inactive,,,,,,,,,,
front_end,5451613.917712608,True,icp_accepted,2998,1.0,0.1141919975722239,10.660871979780495,7.415052998112515,5.4001910029910505,2.2012989793438464,1,1,0,,,,,,,,,,,,,,local_map_fast,False,12,6359,0,False,False,False,,,,inactive,,,,,,,,,,
front_end,5451614.017751744,True,icp_accepted,2949,1.0,0.1067753509818434,9.617303992854431,6.630157004110515,4.649440001230687,2.025351015618071,1,1,0,,,,,,,,,,,,,,local_map_fast,False,12,6359,0,False,False,False,,,,inactive,,,,,,,,,,
front_end,5451614.117705568,True,icp_accepted,2961,1.0,0.10916947460396884,16.195433010580018,13.253520999569446,11.154873995110393,1.8003909790422767,1,1,0,,,,,,,,,,,,,,local_map_fast,False,12,6359,0,False,False,False,,,,inactive,,,,,,,,,,
front_end,5451614.21780528,True,icp_accepted,3012,1.0,0.11220358057185996,9.486048977123573,6.6170729987788945,4.606239002896473,1.840476004872471,1,1,0,,,,,,,,,,,,,,local_map_fast,False,12,6359,0,False,False,False,,,,inactive,,,,,,,,,,
front_end,5451614.317695136,True,icp_accepted,3007,1.0,0.11047515326394379,10.227541992207989,6.771410000510514,4.782238014740869,1.9820899760816246,1,1,0,,,,,,,,,,,,,,local_map_fast,False,12,6359,0,False,False,False,,,,inactive,,,,,,,,,,
front_end,5451614.417680032,True,icp_accepted,3021,1.0,0.10983391301730763,10.394254000857472,6.682876002741978,4.667733999667689,2.4082759919110686,1,1,0,,,,,,,,,,,,,,local_map_fast,False,12,6359,0,False,False,False,,,,inactive,,,,,,,,,,
front_end,5451614.517669248,True,icp_accepted,2966,1.0,0.11412125168390329,9.890383982565254,6.807789002778009,4.774873988935724,1.9387890060897917,1,1,0,,,,,,,,,,,,,,local_map_fast,False,12,6359,0,False,False,False,,,,inactive,,,,,,,,,,
front_end,5451614.617730432,True,icp_accepted,3021,1.0,0.11136977406366351,10.31234097899869,6.660835002548993,4.619885003194213,2.127371000824496,1,1,0,,,,,,,,,,,,,,local_map_fast,False,12,6359,0,False,False,False,,,,inactive,,,,,,,,,,
front_end,5451614.717784416,True,icp_accepted,3053,1.0,0.11458003897367453,10.617040010401979,7.858550001401454,5.202733009355143,1.6606799908913672,1,1,0,,,,,,,,,,,,,,local_map_fast,False,12,6359,0,False,False,False,,,,inactive,,,,,,,,,,
front_end,5451614.817638912,True,icp_accepted,3068,1.0,0.11560417966077033,9.173986996756867,6.549237004946917,4.609864990925416,1.6593470063526183,1,1,0,,,,,,,,,,,,,,local_map_fast,False,12,6359,0,False,False,False,,,,inactive,,,,,,,,,,
front_end,5451614.91770256,True,icp_accepted,3013,1.0,0.11381423338700708,12.21004399121739,9.24203300382942,6.983697006944567,1.7728589882608503,1,1,0,,,,,,,,,,,,,,local_map_fast,False,12,6359,0,False,False,False,,,,inactive,,,,,,,,,,
front_end,5451615.017822176,True,icp_accepted,2980,1.0,0.11310402620831315,9.581237012753263,6.693135015666485,4.603914014296606,1.8030859937425703,1,1,0,,,,,,,,,,,,,,local_map_fast,False,12,6359,0,False,False,False,,,,inactive,,,,,,,,,,
front_end,5451615.117617696,True,icp_accepted,2994,1.0,0.11322326460951068,10.191014996962622,6.881345994770527,4.814307001652196,2.185319986892864,1,1,0,,,,,,,,,,,,,,local_map_fast,False,12,6359,0,False,False,False,,,,inactive,,,,,,,,,,
front_end,5451615.217805984,True,icp_accepted,3014,1.0,0.11448525763122554,9.471001016208902,6.616180995479226,4.505851014982909,1.7825480026658624,1,1,0,,,,,,,,,,,,,,local_map_fast,False,12,6359,0,False,False,False,,,,inactive,,,,,,,,,,
front_end,5451615.317616384,True,icp_accepted,3000,1.0,0.1095625328321449,9.426638018339872,6.542493996676058,4.561856010695919,1.6592579777352512,1,1,0,,,,,,,,,,,,,,local_map_fast,False,12,6359,0,False,False,False,,,,inactive,,,,,,,,,,
front_end,5451615.417652864,True,icp_accepted,3047,1.0,0.11074512135551326,10.781386983580887,6.987775006564334,4.649409995181486,2.1269909921102226,1,1,0,,,,,,,,,,,,,,local_map_fast,False,12,6359,0,False,False,False,,,,inactive,,,,,,,,,,
front_end,5451615.517720576,True,icp_accepted,2939,1.0,0.11296833749606702,11.465755000244826,8.32501199329272,5.513952986802906,2.1330720046535134,1,1,0,,,,,,,,,,,,,,local_map_fast,False,12,6359,0,False,False,False,,,,inactive,,,,,,,,,,
front_end,5451615.617712,True,icp_accepted,2956,1.0,0.11126718296085342,9.67440102249384,6.796959001803771,4.629984003258869,1.6906160162761807,1,1,0,,,,,,,,,,,,,,local_map_fast,False,12,6359,0,False,False,False,,,,inactive,,,,,,,,,,
front_end,5451615.717614272,True,icp_accepted,2983,1.0,0.1125612471757907,12.099376996047795,9.156073007034138,6.553935003466904,1.914894994115457,1,1,0,,,,,,,,,,,,,,local_map_fast,False,12,6359,0,False,False,False,,,,inactive,,,,,,,,,,
front_end,5451615.817752192,True,icp_accepted,2942,1.0,0.1104429745126008,9.771521989023313,6.654933997197077,4.624672990757972,1.7544860020279884,1,1,0,,,,,,,,,,,,,,local_map_fast,False,12,6359,0,False,False,False,,,,inactive,,,,,,,,,,
front_end,5451615.91765904,True,icp_accepted,2931,1.0,0.11394106573273034,9.341099008452147,6.651467992924154,4.655461001675576,1.6622530238237232,1,1,0,,,,,,,,,,,,,,local_map_fast,False,12,6359,0,False,False,False,,,,inactive,,,,,,,,,,
front_end,5451616.017749952,True,icp_accepted,2976,1.0,0.1110633967597479,9.200386004522443,6.4930919907055795,4.525157972238958,1.6023110074456781,1,1,0,,,,,,,,,,,,,,local_map_fast,False,12,6359,0,False,False,False,,,,inactive,,,,,,,,,,
front_end,5451616.117666464,True,icp_accepted,3013,1.0,0.11145128607493197,11.599274002946913,8.53728799847886,6.328824994852766,1.9840539898723364,1,1,0,,,,,,,,,,,,,,local_map_fast,False,12,6359,0,False,False,False,,,,inactive,,,,,,,,,,
front_end,5451616.217750432,True,icp_accepted,2987,1.0,0.11126633371652327,11.195861006854102,7.945963996462524,4.988692991901189,2.184979006415233,1,1,0,,,,,,,,,,,,,,local_map_fast,False,12,6359,0,False,False,False,,,,inactive,,,,,,,,,,
front_end,5451616.317740352,True,icp_accepted,2978,1.0,0.11177455952481496,9.235901990905404,6.571979000000283,4.32914198609069,1.692318997811526,1,1,0,,,,,,,,,,,,,,local_map_fast,False,12,6359,0,False,False,False,,,,inactive,,,,,,,,,,
front_end,5451616.417654624,True,icp_accepted,2959,1.0,0.11197214372633232,11.924230988370255,8.820185990771279,6.649173010373488,1.9059579935856164,1,1,0,,,,,,,,,,,,,,local_map_fast,False,12,6359,0,False,False,False,,,,inactive,,,,,,,,,,
front_end,5451616.517683328,True,icp_accepted,2962,1.0,0.11134698691506023,9.256069984985515,6.472332985140383,4.4979270023759454,1.696607010671869,1,1,0,,,,,,,,,,,,,,local_map_fast,False,12,6359,0,False,False,False,,,,inactive,,,,,,,,,,
front_end,5451616.61768192,True,icp_accepted,2945,1.0,0.11094323766918249,12.85904599353671,9.996662993216887,7.7273049973882735,1.6937920008786023,1,1,0,,,,,,,,,,,,,,local_map_fast,False,12,6359,0,False,False,False,,,,inactive,,,,,,,,,,
front_end,5451616.71766864,True,icp_accepted,2900,1.0,0.10930690679039953,10.141742997802794,7.2281839966308326,5.263827013550326,1.5628680121153593,1,1,0,,,,,,,,,,,,,,local_map_fast,False,12,6359,0,False,False,False,,,,inactive,,,,,,,,,,
front_end,5451616.817830592,True,icp_accepted,2930,1.0,0.10955103975423461,10.160548990825191,6.554786988999695,4.584758979035541,2.2911480045877397,1,1,0,,,,,,,,,,,,,,local_map_fast,False,12,6359,0,False,False,False,,,,inactive,,,,,,,,,,
front_end,5451616.917599168,True,icp_accepted,2869,1.0,0.10627874801678654,20.2498430153355,12.678949016844854,9.974269982194528,5.5346319859381765,1,1,0,,,,,,,,,,,,,,local_map_fast,False,12,6359,0,False,False,False,,,,inactive,,,,,,,,,,
front_end,5451617.01768384,True,icp_accepted,3008,1.0,0.10697785738028161,19.441885000560433,9.892278001643717,7.157982996432111,4.870562988799065,1,1,0,,,,,,,,,,,,,,local_map_fast,True,12,6418,0,False,False,False,,,,inactive,,,,,,,,,,
front_end,5451617.11773712,True,icp_accepted,3081,1.0,0.0639387201669038,19.037419988308102,9.740745008457452,7.162180001614615,7.6738759817089885,1,1,0,,,,,,,,,,,,,,local_map_fast,False,12,6418,0,False,False,False,,,,inactive,,,,,,,,,,
front_end,5451617.217706112,True,icp_accepted,3071,1.0,0.07017064461210228,34.456746972864494,17.023149994201958,14.294185995822772,12.650727992877364,1,1,0,,,,,,,,,,,,,,local_map_fast,True,12,6486,0,False,False,False,,,,inactive,,,,,,,,,,
optimized_backend,,,,,,,,,,,,,,,,,,,,,,,,,,,,,,,,,,,,,,,,,30,34,5,,,,pose_graph,True
front_end,5451617.31769824,True,icp_accepted,3135,1.0,0.07175029055343154,19.664741994347423,11.954568006331101,8.449944987660274,5.462087981868535,1,1,0,,,,,,,,,,,,,,local_map_fast,False,12,6486,0,False,False,False,,,,inactive,,,,,,,,,,
front_end,5451617.4176776,True,icp_accepted,3183,1.0,0.0840756727492313,22.140273009426892,9.475349012063816,7.037558010779321,8.800769981462508,1,1,0,,,,,,,,,,,,,,local_map_fast,True,12,6692,0,False,False,False,,,,inactive,,,,,,,,,,
front_end,5451617.517548416,True,icp_accepted,3134,1.0,0.06401021325676895,26.413710991619155,14.279388007707894,11.358885007211939,10.253282001940534,1,1,0,,,,,,,,,,,,,,local_map_fast,False,12,6692,0,False,False,False,,,,inactive,,,,,,,,,,
optimized_backend,,,,,,,,,,,,,,,,,,,,,,,,,,,,,,,,,,,,,,,,,31,36,6,,,,pose_graph,True
front_end,5451617.617543616,True,icp_accepted,3166,1.0,0.06451225818692251,16.89039301709272,10.757694020867348,7.718950975686312,4.541898990282789,1,1,0,,,,,,,,,,,,,,local_map_fast,False,12,6692,0,False,False,False,,,,inactive,,,,,,,,,,
front_end,5451617.717638304,True,icp_accepted,3103,1.0,0.06764733607330257,18.620342016220093,8.517211012076586,6.0785980022046715,6.51897001080215,1,1,0,,,,,,,,,,,,,,local_map_fast,True,12,6724,0,False,False,False,,,,inactive,,,,,,,,,,
front_end,5451617.817557152,True,icp_accepted,3157,1.0,0.06391166601684865,24.260762002086267,12.336500018136576,9.756143001141027,10.380880004959181,1,1,0,,,,,,,,,,,,,,local_map_fast,False,12,6724,0,False,False,False,,,,inactive,,,,,,,,,,
front_end,5451617.91769008,True,icp_accepted,3180,1.0,0.06967031959611938,19.823228009045124,9.077616996364668,6.486390018835664,9.271068003727123,1,1,0,,,,,,,,,,,,,,local_map_fast,False,12,6724,0,False,False,False,,,,inactive,,,,,,,,,,
optimized_backend,,,,,,,,,,,,,,,,,,,,,,,,,,,,,,,,,,,,,,,,,32,38,7,,,,pose_graph,True
front_end,5451618.017714944,True,icp_accepted,3141,1.0,0.08518543589078428,32.29300701059401,10.510482010431588,8.073502976913005,18.133714009309188,1,1,0,,,,,,,,,,,,,,local_map_fast,True,12,6887,0,False,False,False,,,,inactive,,,,,,,,,,
front_end,5451618.11770288,True,icp_accepted,3236,1.0,0.08695538214834976,17.887683992739767,9.192321012960747,6.801737996283919,4.335564008215442,1,1,0,,,,,,,,,,,,,,local_map_fast,True,12,7054,0,False,False,False,,,,inactive,,,,,,,,,,
optimized_backend,,,,,,,,,,,,,,,,,,,,,,,,,,,,,,,,,,,,,,,,,33,40,8,,,,pose_graph,True
front_end,5451618.217656832,True,icp_accepted,3141,1.0,0.07303699458242023,28.60157599207014,17.97608900233172,15.613377996487543,6.661105988314375,1,1,0,,,,,,,,,,,,,,local_map_fast,True,12,7045,0,False,False,False,,,,inactive,,,,,,,,,,
front_end,5451618.317551552,True,icp_accepted,3173,1.0,0.06278236222568537,20.15371498418972,10.589118988718837,7.507596019422635,7.9506530018989,1,1,0,,,,,,,,,,,,,,local_map_fast,False,12,7045,0,False,False,False,,,,inactive,,,,,,,,,,
front_end,5451618.41755296,True,icp_accepted,3078,1.0,0.06468035392588514,28.075124020688236,12.841715011745691,10.452123009599745,11.213805002626032,1,1,0,,,,,,,,,,,,,,local_map_fast,True,12,6993,0,False,False,False,,,,inactive,,,,,,,,,,
optimized_backend,,,,,,,,,,,,,,,,,,,,,,,,,,,,,,,,,,,,,,,,,34,42,9,,,,pose_graph,True
front_end,5451618.517554816,True,icp_accepted,3182,1.0,0.06267723741164043,14.993761986261234,8.689612004673108,6.386943015968427,4.535587999271229,1,1,0,,,,,,,,,,,,,,local_map_fast,False,12,6993,0,False,False,False,,,,inactive,,,,,,,,,,
front_end,5451618.617590144,True,icp_accepted,3095,1.0,0.06380584033885263,23.733548005111516,9.915561007801443,7.319073978578672,9.03498800471425,1,1,0,,,,,,,,,,,,,,local_map_fast,True,12,7059,0,False,False,False,,,,inactive,,,,,,,,,,
front_end,5451618.71766688,True,icp_accepted,3113,1.0,0.06492081919702178,19.591985997976735,10.663947992725298,8.304643997689709,7.333762012422085,1,1,0,,,,,,,,,,,,,,local_map_fast,False,12,7059,0,False,False,False,,,,inactive,,,,,,,,,,
front_end,5451618.817635808,True,icp_accepted,3240,1.0,0.07975759499431202,25.19927400862798,12.728503003017977,10.263481002766639,7.541558996308595,1,1,0,,,,,,,,,,,,,,local_map_fast,True,12,7111,0,False,False,False,,,,inactive,,,,,,,,,,
optimized_backend,,,,,,,,,,,,,,,,,,,,,,,,,,,,,,,,,,,,,,,,,35,44,10,,,,pose_graph,True
front_end,5451618.917524576,True,icp_accepted,3146,1.0,0.07308319484813028,20.38975598406978,9.46507099433802,6.849506986327469,6.608598021557555,1,1,0,,,,,,,,,,,,,,local_map_fast,True,12,7120,0,False,False,False,,,,inactive,,,,,,,,,,
front_end,5451619.017538176,True,icp_accepted,3237,1.0,0.06527225320380906,23.372705007204786,9.265007014619187,6.774777983082458,7.81107202055864,1,1,0,,,,,,,,,,,,,,local_map_fast,True,12,7059,0,False,False,False,,,,inactive,,,,,,,,,,
front_end,5451619.11759936,True,icp_accepted,3227,1.0,0.06403187580316813,23.718570009805262,9.15711498237215,6.560978974448517,10.481668025022373,1,1,0,,,,,,,,,,,,,,local_map_fast,True,12,7004,0,False,False,False,,,,inactive,,,,,,,,,,
front_end,5451619.217723744,True,icp_accepted,3147,1.0,0.06411989240537591,18.000395997660235,10.765788989374414,8.457910007564351,5.139304994372651,1,1,0,,,,,,,,,,,,,,local_map_fast,False,12,7004,0,False,False,False,,,,inactive,,,,,,,,,,
optimized_backend,,,,,,,,,,,,,,,,,,,,,,,,,,,,,,,,,,,,,,,,,36,46,11,,,,pose_graph,True
front_end,5451619.317527616,True,icp_accepted,3256,1.0,0.07384499041601258,21.96274299058132,9.507549984846264,6.605250993743539,5.0626709999050945,1,1,0,,,,,,,,,,,,,,local_map_fast,True,12,6928,0,False,False,False,,,,inactive,,,,,,,,,,
front_end,5451619.417620992,True,icp_accepted,3233,1.0,0.06986795528611803,18.872282991651446,8.38611600920558,6.016341998474672,9.167044016066939,1,1,0,,,,,,,,,,,,,,local_map_fast,False,12,6928,0,False,False,False,,,,inactive,,,,,,,,,,
front_end,5451619.517561152,True,icp_accepted,3183,1.0,0.06679780045766354,17.393902991898358,8.824524993542582,6.396190990926698,4.866534989560023,1,1,0,,,,,,,,,,,,,,local_map_fast,True,12,6920,0,False,False,False,,,,inactive,,,,,,,,,,
front_end,5451619.617503776,True,icp_accepted,3081,1.0,0.07446196141498296,31.41183400293812,17.174723994685337,14.139737992081791,6.510584993520752,1,1,0,,,,,,,,,,,,,,local_map_fast,True,12,6670,0,False,False,False,,,,inactive,,,,,,,,,,
optimized_backend,,,,,,,,,,,,,,,,,,,,,,,,,,,,,,,,,,,,,,,,,37,48,12,,,,pose_graph,True
front_end,5451619.71763776,True,icp_accepted,2873,1.0,0.08034840063494142,31.361729983473197,15.558215993223712,11.734867992345244,10.952827986329794,1,1,0,,,,,,,,,,,,,,local_map_fast,True,12,6636,0,False,False,False,,,,inactive,,,,,,,,,,
front_end,5451619.817639744,True,icp_accepted,2802,1.0,0.07045556947652012,27.008773991838098,11.275942000793293,8.410000998992473,7.408079982269555,1,1,0,,,,,,,,,,,,,,local_map_fast,True,12,6555,0,False,False,False,,,,inactive,,,,,,,,,,
front_end,5451619.917506368,True,icp_accepted,2787,1.0,0.06542366553959593,20.11529399896972,10.973115975502878,6.677705998299643,4.805781994946301,1,1,0,,,,,,,,,,,,,,local_map_fast,True,12,6453,0,False,False,False,,,,inactive,,,,,,,,,,
front_end,5451620.017629184,True,icp_accepted,2722,1.0,0.0679584063342004,29.109253984643146,12.263684999197721,9.513060009339824,11.525205976795405,1,1,0,,,,,,,,,,,,,,local_map_fast,True,12,6302,0,False,False,False,,,,inactive,,,,,,,,,,
front_end,5451620.11765024,True,icp_accepted,2731,1.0,0.06477760113921424,19.745232013519853,10.833094012923539,7.896021008491516,5.701454007066786,1,1,0,,,,,,,,,,,,,,local_map_fast,False,12,6302,0,False,False,False,,,,inactive,,,,,,,,,,
optimized_backend,,,,,,,,,,,,,,,,,,,,,,,,,,,,,,,,,,,,,,,,,38,50,13,,,,pose_graph,True
front_end,5451620.21763248,True,icp_accepted,2711,1.0,0.07271724829052859,28.48552100476809,13.911251997342333,10.372074000770226,8.093649987131357,1,1,0,,,,,,,,,,,,,,local_map_fast,True,12,6082,0,False,False,False,,,,inactive,,,,,,,,,,
front_end,5451620.317538336,True,icp_accepted,2727,1.0,0.06610760336983487,21.81347500300035,10.723599989432842,7.83203198807314,6.580776011105627,1,1,0,,,,,,,,,,,,,,local_map_fast,True,12,5961,0,False,False,False,,,,inactive,,,,,,,,,,
front_end,5451620.417666208,True,icp_accepted,2686,1.0,0.08513421714256279,23.699124983977526,9.836894983891398,7.140451023587957,8.358215010957792,1,1,0,,,,,,,,,,,,,,local_map_fast,True,12,5958,0,False,False,False,,,,inactive,,,,,,,,,,
front_end,5451620.51759264,True,icp_accepted,2539,1.0,0.06343061819063103,18.729136005276814,10.453015012899414,7.754677993943915,3.9336130139417946,1,1,0,,,,,,,,,,,,,,local_map_fast,True,12,5914,0,False,False,False,,,,inactive,,,,,,,,,,
optimized_backend,,,,,,,,,,,,,,,,,,,,,,,,,,,,,,,,,,,,,,,,,39,52,14,,,,pose_graph,True
front_end,5451620.617541696,True,icp_accepted,2380,1.0,0.06761202054254163,23.330526979407296,10.995026997989044,6.667478010058403,6.460239994339645,1,1,0,,,,,,,,,,,,,,local_map_fast,True,12,5827,0,False,False,False,,,,inactive,,,,,,,,,,
front_end,5451620.717606016,True,icp_accepted,2520,1.0,0.0660414675120297,22.88159797899425,9.39719399320893,6.680032005533576,9.491600008914247,1,1,0,,,,,,,,,,,,,,local_map_fast,True,12,5661,0,False,False,False,,,,inactive,,,,,,,,,,
front_end,5451620.817621312,True,icp_accepted,2415,1.0,0.06774349998013213,24.683792988071218,10.799962998135015,5.452579993288964,9.660045005148277,1,1,0,,,,,,,,,,,,,,local_map_fast,True,12,5502,0,False,False,False,,,,inactive,,,,,,,,,,
optimized_backend,,,,,,,,,,,,,,,,,,,,,,,,,,,,,,,,,,,,,,,,,40,54,15,,,,pose_graph,True
front_end,5451620.9175664,True,icp_accepted,2509,1.0,0.06199432171498069,15.673530986532569,7.440370012773201,5.111683014547452,5.043565994128585,1,1,0,,,,,,,,,,,,,,local_map_fast,True,12,5397,0,False,False,False,,,,inactive,,,,,,,,,,
front_end,5451621.017617888,True,icp_accepted,2842,1.0,0.08227149991495857,25.982177001424134,12.420318002114072,9.77737401262857,9.433893021196127,1,1,0,,,,,,,,,,,,,,local_map_fast,True,12,5419,0,False,False,False,,,,inactive,,,,,,,,,,
front_end,5451621.117550208,True,icp_accepted,2920,1.0,0.09323880106233844,25.55678301723674,14.222162018995732,11.551897012395784,7.868159009376541,1,1,0,,,,,,,,,,,,,,local_map_fast,True,12,5786,0,False,False,False,,,,inactive,,,,,,,,,,
optimized_backend,,,,,,,,,,,,,,,,,,,,,,,,,,,,,,,,,,,,,,,,,41,56,16,,,,pose_graph,True
front_end,5451621.21762368,True,icp_accepted,3111,1.0,0.0792586998203263,28.699221002170816,17.22981798229739,12.510927015682682,7.143446971895173,1,1,0,,,,,,,,,,,,,,local_map_fast,True,12,5987,0,False,False,False,,,,inactive,,,,,,,,,,
front_end,5451621.317461056,True,icp_accepted,3221,1.0,0.0817574767653578,27.008814009604976,10.779495001770556,7.8951899777166545,11.501312983455136,1,1,0,,,,,,,,,,,,,,local_map_fast,True,12,6121,0,False,False,False,,,,inactive,,,,,,,,,,
optimized_backend,,,,,,,,,,,,,,,,,,,,,,,,,,,,,,,,,,,,,,,,,42,58,17,,,,pose_graph,True
front_end,5451621.417487008,True,icp_accepted,3294,1.0,0.07283444016243648,24.533252988476306,10.71063699782826,7.847892004065216,6.958431011298671,1,1,0,,,,,,,,,,,,,,local_map_fast,True,12,6105,0,False,False,False,,,,inactive,,,,,,,,,,
front_end,5451621.517537696,True,icp_accepted,3194,1.0,0.07109599986035511,26.95004499400966,11.807574017439038,8.232210006099194,10.887778014875948,1,1,0,,,,,,,,,,,,,,local_map_fast,True,12,6126,0,False,False,False,,,,inactive,,,,,,,,,,
front_end,5451621.617625728,True,icp_accepted,3143,1.0,0.06703820673842258,27.474053000332788,9.04657898354344,6.6956100054085255,13.961356016807258,1,1,0,,,,,,,,,,,,,,local_map_fast,True,12,6085,0,False,False,False,,,,inactive,,,,,,,,,,
optimized_backend,,,,,,,,,,,,,,,,,,,,,,,,,,,,,,,,,,,,,,,,,43,60,18,,,,pose_graph,True
front_end,5451621.71753344,True,icp_accepted,3120,1.0,0.0634725001632236,26.81055400171317,12.80852299532853,10.36540200584568,6.506317004095763,1,1,0,,,,,,,,,,,,,,local_map_fast,True,12,6057,0,False,False,False,,,,inactive,,,,,,,,,,
front_end,5451621.81761456,True,icp_accepted,3076,1.0,0.06852074806991747,24.65500999824144,12.002106988802552,8.949748997110873,9.975685010431334,1,1,0,,,,,,,,,,,,,,local_map_fast,False,12,6057,0,False,False,False,,,,inactive,,,,,,,,,,
front_end,5451621.917546048,True,icp_accepted,3116,1.0,0.08647400575047594,24.019594013225287,13.642008998431265,11.211542005185038,5.798306025099009,1,1,0,,,,,,,,,,,,,,local_map_fast,True,12,6204,0,False,False,False,,,,inactive,,,,,,,,,,
optimized_backend,,,,,,,,,,,,,,,,,,,,,,,,,,,,,,,,,,,,,,,,,44,62,19,,,,pose_graph,True
front_end,5451622.017514848,True,icp_accepted,3021,1.0,0.06101201275409604,34.56089401151985,25.554940017173067,23.18535599624738,7.596242008730769,1,1,0,,,,,,,,,,,,,,local_map_fast,False,12,6204,0,False,False,False,,,,inactive,,,,,,,,,,
front_end,5451622.11758336,True,icp_accepted,3027,1.0,0.06503955955157273,17.741422983817756,9.424214978935197,6.777533999411389,6.937121012015268,1,1,0,,,,,,,,,,,,,,local_map_fast,False,12,6204,0,False,False,False,,,,inactive,,,,,,,,,,
front_end,5451622.217562304,True,icp_accepted,3027,1.0,0.06733353724931958,23.005430994089693,8.833551983116195,6.46952900569886,11.822892993222922,1,1,0,,,,,,,,,,,,,,local_map_fast,False,12,6204,0,False,False,False,,,,inactive,,,,,,,,,,
front_end,5451622.317548384,True,icp_accepted,2955,1.0,0.065923407314084,16.769107984146103,11.551195988431573,9.318778000306338,3.431196993915364,1,1,0,,,,,,,,,,,,,,local_map_fast,False,12,6204,0,False,False,False,,,,inactive,,,,,,,,,,
front_end,5451622.417491904,True,icp_accepted,3007,1.0,0.07176618238292545,23.83988900692202,15.289766015484929,12.12895501521416,6.770981999579817,1,1,0,,,,,,,,,,,,,,local_map_fast,False,12,6204,0,False,False,False,,,,inactive,,,,,,,,,,
optimized_backend,,,,,,,,,,,,,,,,,,,,,,,,,,,,,,,,,,,,,,,,,45,64,20,,,,pose_graph,True
front_end,5451622.51760352,True,icp_accepted,2995,1.0,0.07391573756252162,20.406347990501672,9.133181010838598,6.476462003774941,9.57547698635608,1,1,0,,,,,,,,,,,,,,local_map_fast,False,12,6204,0,False,False,False,,,,inactive,,,,,,,,,,
front_end,5451622.617609152,True,icp_accepted,2885,1.0,0.0763983189587929,15.285547997336835,8.81016900530085,5.8424469898454845,4.863491019932553,1,1,0,,,,,,,,,,,,,,local_map_fast,False,12,6204,0,False,False,False,,,,inactive,,,,,,,,,,
front_end,5451622.717512192,True,icp_accepted,2754,1.0,0.07978370857002014,20.550137996906415,11.796765000326559,9.33920600800775,6.815533997723833,1,1,0,,,,,,,,,,,,,,local_map_fast,False,12,6204,0,False,False,False,,,,inactive,,,,,,,,,,
optimized_backend,,,,,,,,,,,,,,,,,,,,,,,,,,,,,,,,,,,,,,,,,46,66,21,,,,pose_graph,True
front_end,5451622.817693024,True,icp_accepted,2831,1.0,0.07706228588427198,20.119683002121747,13.429823011392727,9.72129000001587,4.879440006334335,1,1,0,,,,,,,,,,,,,,local_map_fast,False,12,6204,0,False,False,False,,,,inactive,,,,,,,,,,
front_end,5451622.91752912,True,icp_accepted,2830,1.0,0.07969399640073124,21.836708998307586,15.152199019212276,12.03412699396722,5.06470599793829,1,1,0,,,,,,,,,,,,,,local_map_fast,False,12,6204,0,False,False,False,,,,inactive,,,,,,,,,,
front_end,5451623.0174872,True,icp_accepted,2692,1.0,0.08139864860245641,17.102730984333903,10.128750000149012,7.71726798848249,4.624965018592775,1,1,0,,,,,,,,,,,,,,local_map_fast,False,12,6204,0,False,False,False,,,,inactive,,,,,,,,,,
optimized_backend,,,,,,,,,,,,,,,,,,,,,,,,,,,,,,,,,,,,,,,,,47,68,22,,,,pose_graph,True
front_end,5451623.11759568,True,icp_accepted,2591,1.0,0.08484184772027409,16.41357399057597,11.23709901003167,8.77236801898107,3.4668830048758537,1,1,0,,,,,,,,,,,,,,local_map_fast,False,12,6204,0,False,False,False,,,,inactive,,,,,,,,,,
front_end,5451623.217593024,True,icp_accepted,2555,1.0,0.100283402997687,20.889601000817493,10.428339999634773,7.66574201406911,8.819947019219398,1,1,0,,,,,,,,,,,,,,local_map_fast,False,12,6204,0,False,False,False,,,,inactive,,,,,,,,,,
front_end,5451623.317529824,True,icp_accepted,2621,1.0,0.09384724875767449,16.09441899927333,8.828223013551906,6.532656989293173,5.702727008610964,1,1,0,,,,,,,,,,,,,,local_map_fast,False,12,6204,0,False,False,False,,,,inactive,,,,,,,,,,
optimized_backend,,,,,,,,,,,,,,,,,,,,,,,,,,,,,,,,,,,,,,,,,48,70,23,,,,pose_graph,True
front_end,5451623.417480544,True,icp_accepted,2619,1.0,0.09474041297945711,17.70508597837761,9.334487986052409,6.977216980885714,6.101491017034277,1,1,0,,,,,,,,,,,,,,local_map_fast,False,12,6204,0,False,False,False,,,,inactive,,,,,,,,,,
front_end,5451623.51753456,True,icp_accepted,2712,1.0,0.09333716059471733,20.353430008981377,10.108232003403828,7.782630011206493,7.917031005490571,1,1,0,,,,,,,,,,,,,,local_map_fast,False,12,6204,0,False,False,False,,,,inactive,,,,,,,,,,
front_end,5451623.617601728,True,icp_accepted,2716,1.0,0.09863856002480725,18.76497399643995,9.12235100986436,6.661516992608085,8.088631002465263,1,1,0,,,,,,,,,,,,,,local_map_fast,False,12,6204,0,False,False,False,,,,inactive,,,,,,,,,,
front_end,5451623.717669344,True,icp_accepted,2730,1.0,0.10071474724532717,18.205619999207556,11.157310975249857,8.338618004927412,5.573005008045584,1,1,0,,,,,,,,,,,,,,local_map_fast,False,12,6204,0,False,False,False,,,,inactive,,,,,,,,,,
optimized_backend,,,,,,,,,,,,,,,,,,,,,,,,,,,,,,,,,,,,,,,,,49,72,24,,,,pose_graph,True
front_end,5451623.817720992,True,icp_accepted,2728,1.0,0.10586244730636958,10.860135982511565,7.539085985627025,5.346581980120391,1.974535989575088,1,1,0,,,,,,,,,,,,,,local_map_fast,False,12,6204,0,False,False,False,,,,inactive,,,,,,,,,,
front_end,5451623.917472032,True,icp_accepted,2745,1.0,0.10838571681599375,10.36091399146244,7.147413998609409,4.744918987853453,1.756920013576746,1,1,0,,,,,,,,,,,,,,local_map_fast,False,12,6204,0,False,False,False,,,,inactive,,,,,,,,,,
front_end,5451624.01746576,True,icp_accepted,2781,1.0,0.10962608776228837,10.033933009253815,6.641420011874288,4.677844000980258,2.104950021021068,1,1,0,,,,,,,,,,,,,,local_map_fast,False,12,6204,0,False,False,False,,,,inactive,,,,,,,,,,
front_end,5451624.117590592,True,icp_accepted,2712,1.0,0.11118492722142402,10.108743008458987,7.310599001357332,5.187595990719274,1.6238219977822155,1,1,0,,,,,,,,,,,,,,local_map_fast,False,12,6204,0,False,False,False,,,,inactive,,,,,,,,,,
front_end,5451624.21743088,True,icp_accepted,2736,1.0,0.10930757821727989,11.330084002111107,7.525301014538854,5.475281999679282,2.2162679815664887,1,1,0,,,,,,,,,,,,,,local_map_fast,False,12,6204,0,False,False,False,,,,inactive,,,,,,,,,,
front_end,5451624.31737584,True,icp_accepted,2763,1.0,0.10951257779181656,10.261780000291765,6.671667011687532,4.717818985227495,2.3615399841219187,1,1,0,,,,,,,,,,,,,,local_map_fast,False,12,6204,0,False,False,False,,,,inactive,,,,,,,,,,
front_end,5451624.417388256,True,icp_accepted,2843,1.0,0.11199797085136962,12.46508298208937,9.481972985668108,7.135302003007382,1.7372840084135532,1,1,0,,,,,,,,,,,,,,local_map_fast,False,12,6204,0,False,False,False,,,,inactive,,,,,,,,,,
front_end,5451624.517434176,True,icp_accepted,2794,1.0,0.11102563393211175,10.04807002027519,6.5247020102106035,4.610087984474376,2.312197000719607,1,1,0,,,,,,,,,,,,,,local_map_fast,False,12,6204,0,False,False,False,,,,inactive,,,,,,,,,,
front_end,5451624.617372192,True,icp_accepted,2803,1.0,0.10979852939798392,12.74855199153535,9.798032988328487,7.819730002665892,1.653156999964267,1,1,0,,,,,,,,,,,,,,local_map_fast,False,12,6204,0,False,False,False,,,,inactive,,,,,,,,,,
front_end,5451624.717460224,True,icp_accepted,2776,1.0,0.11011965994186726,10.220112017123029,6.596536026336253,4.659619997255504,2.3424129758495837,1,1,0,,,,,,,,,,,,,,local_map_fast,False,12,6204,0,False,False,False,,,,inactive,,,,,,,,,,
front_end,5451624.817398336,True,icp_accepted,2805,1.0,0.11665732398679737,11.194351012818515,7.262119004735723,5.338997987564653,1.934551983140409,1,1,0,,,,,,,,,,,,,,local_map_fast,False,12,6204,0,False,False,False,,,,inactive,,,,,,,,,,
front_end,5451624.917626048,True,icp_accepted,2764,1.0,0.11192316366577167,12.108005990739912,8.753753994824365,6.775751011446118,2.108967979438603,1,1,0,,,,,,,,,,,,,,local_map_fast,False,12,6204,0,False,False,False,,,,inactive,,,,,,,,,,
front_end,5451625.017364064,True,icp_accepted,2792,1.0,0.11651899913480816,13.056327006779611,10.235319990897551,7.794683013344184,1.6329690115526319,1,1,0,,,,,,,,,,,,,,local_map_fast,False,12,6204,0,False,False,False,,,,inactive,,,,,,,,,,
front_end,5451625.11741728,True,icp_accepted,2775,1.0,0.1141808027306417,10.745172010501847,7.133208011509851,5.00079698394984,1.653337007155642,1,1,0,,,,,,,,,,,,,,local_map_fast,False,12,6204,0,False,False,False,,,,inactive,,,,,,,,,,
front_end,5451625.217538464,True,icp_accepted,2703,1.0,0.11011067857775922,10.088586976053193,6.8183609982952476,4.939612001180649,2.0748639944940805,1,1,0,,,,,,,,,,,,,,local_map_fast,False,12,6204,0,False,False,False,,,,inactive,,,,,,,,,,
front_end,5451625.317511744,True,icp_accepted,2762,1.0,0.10806158253614,11.429219011915848,7.583199010696262,5.667821998940781,1.8337839865125716,1,1,0,,,,,,,,,,,,,,local_map_fast,False,12,6204,0,False,False,False,,,,inactive,,,,,,,,,,
front_end,5451625.417393952,True,icp_accepted,2718,1.0,0.10677409602184777,11.475806008093059,8.456289011519402,6.508201011456549,1.8267799750901759,1,1,0,,,,,,,,,,,,,,local_map_fast,False,12,6204,0,False,False,False,,,,inactive,,,,,,,,,,
front_end,5451625.517537856,True,icp_accepted,2675,1.0,0.10277190094955457,10.487010003998876,7.025516999419779,5.132001999299973,1.9721630087587982,1,1,0,,,,,,,,,,,,,,local_map_fast,False,12,6204,0,False,False,False,,,,inactive,,,,,,,,,,
front_end,5451625.61743856,True,icp_accepted,2654,1.0,0.09430139340756097,11.008203000528738,7.170597993535921,5.0624819996301085,1.8680279899854213,1,1,0,,,,,,,,,,,,,,local_map_fast,False,12,6204,0,False,False,False,,,,inactive,,,,,,,,,,
front_end,5451625.717439328,True,icp_accepted,2703,1.0,0.0912173607535549,12.404611014062539,9.312787995440885,6.839811016106978,1.8808720051310956,1,1,0,,,,,,,,,,,,,,local_map_fast,False,12,6204,0,False,False,False,,,,inactive,,,,,,,,,,
front_end,5451625.8174664,True,icp_accepted,2678,1.0,0.09255452836623974,12.423665990354493,8.71904901578091,6.7759110243059695,2.4657640024088323,1,1,0,,,,,,,,,,,,,,local_map_fast,False,12,6204,0,False,False,False,,,,inactive,,,,,,,,,,
front_end,5451625.917368896,True,icp_accepted,2660,1.0,0.08794895755674112,10.434232011903077,6.638655002461746,4.694344010204077,1.9627640140242875,1,1,0,,,,,,,,,,,,,,local_map_fast,False,12,6204,0,False,False,False,,,,inactive,,,,,,,,,,
front_end,5451626.017434336,True,icp_accepted,2692,1.0,0.08948361205086239,11.35808599065058,7.971282990183681,5.705792980734259,1.697589992545545,1,1,0,,,,,,,,,,,,,,local_map_fast,False,12,6204,0,False,False,False,,,,inactive,,,,,,,,,,
front_end,5451626.117468384,True,icp_accepted,2694,1.0,0.0888663766718238,10.897886997554451,7.63525499496609,5.46376098645851,1.818154996726662,1,1,0,,,,,,,,,,,,,,local_map_fast,False,12,6204,0,False,False,False,,,,inactive,,,,,,,,,,
front_end,5451626.217487168,True,icp_accepted,2707,1.0,0.08873883113688907,10.40004802052863,7.355804002145305,5.493917997227982,1.7850230215117335,1,1,0,,,,,,,,,,,,,,local_map_fast,False,12,6204,0,False,False,False,,,,inactive,,,,,,,,,,
front_end,5451626.317417024,True,icp_accepted,2723,1.0,0.08634292805771064,12.841096002375707,8.9899750018958,6.332713994197547,2.265360002638772,1,1,0,,,,,,,,,,,,,,local_map_fast,False,12,6204,0,False,False,False,,,,inactive,,,,,,,,,,
front_end,5451626.417510432,True,icp_accepted,2700,1.0,0.08899151210199963,9.727402008138597,6.450844026403502,4.53445699531585,2.001276006922126,1,1,0,,,,,,,,,,,,,,local_map_fast,False,12,6204,0,False,False,False,,,,inactive,,,,,,,,,,
front_end,5451626.5175232,True,icp_accepted,2728,1.0,0.09184624248185935,10.946707974653691,6.815965985879302,4.622520005796105,2.3557880194857717,1,1,0,,,,,,,,,,,,,,local_map_fast,False,12,6204,0,False,False,False,,,,inactive,,,,,,,,,,
front_end,5451626.6174424,True,icp_accepted,2672,1.0,0.08972737381349573,9.97069600271061,6.911945005413145,4.7902739897836,1.624352007638663,1,1,0,,,,,,,,,,,,,,local_map_fast,False,12,6204,0,False,False,False,,,,inactive,,,,,,,,,,
front_end,5451626.717445312,True,icp_accepted,2691,1.0,0.0918351790779736,9.941732016159222,6.545882002683356,4.6245249977800995,2.0054940250702202,1,1,0,,,,,,,,,,,,,,local_map_fast,False,12,6204,0,False,False,False,,,,inactive,,,,,,,,,,
front_end,5451626.817354304,True,icp_accepted,2693,1.0,0.0955755143574954,10.858863999601454,7.759497006190941,5.4814949980936944,1.8105510098394006,1,1,0,,,,,,,,,,,,,,local_map_fast,False,12,6204,0,False,False,False,,,,inactive,,,,,,,,,,
front_end,5451626.917434336,True,icp_accepted,2627,1.0,0.10222230531910326,10.243094991892576,7.06808699760586,4.977603995939717,1.596480025909841,1,1,0,,,,,,,,,,,,,,local_map_fast,False,12,6204,0,False,False,False,,,,inactive,,,,,,,,,,
front_end,5451627.017359232,True,icp_accepted,2621,1.0,0.10482714878569512,12.705902976449579,9.147239004960284,6.90782701713033,2.0706659997813404,1,1,0,,,,,,,,,,,,,,local_map_fast,False,12,6204,0,False,False,False,,,,inactive,,,,,,,,,,
front_end,5451627.117476192,True,icp_accepted,2584,1.0,0.11378834703381327,10.821233998285607,6.907927978318185,4.910377989290282,2.3097230005078018,1,1,0,,,,,,,,,,,,,,local_map_fast,False,12,6204,0,False,False,False,,,,inactive,,,,,,,,,,
front_end,5451627.217317568,True,icp_accepted,2574,1.0,0.11964251000266235,11.208067007828504,7.531000999733806,5.307098996127024,1.7866760026663542,1,1,0,,,,,,,,,,,,,,local_map_fast,False,12,6204,0,False,False,False,,,,inactive,,,,,,,,,,
front_end,5451627.31733184,True,icp_accepted,2577,1.0,0.12123144745623211,13.44687698292546,9.690763981780037,7.102761999703944,2.019591018324718,1,1,0,,,,,,,,,,,,,,local_map_fast,False,12,6204,0,False,False,False,,,,inactive,,,,,,,,,,
front_end,5451627.417469952,True,icp_accepted,2499,1.0,0.12486081581429756,9.793926001293585,6.72093901084736,4.580922977766022,1.762230007443577,1,1,0,,,,,,,,,,,,,,local_map_fast,False,12,6204,0,False,False,False,,,,inactive,,,,,,,,,,
front_end,5451627.517491264,True,icp_accepted,2511,1.0,0.1275121840139517,13.031490991124883,9.327615989604965,7.106469012796879,2.339819009648636,1,1,0,,,,,,,,,,,,,,local_map_fast,False,12,6204,0,False,False,False,,,,inactive,,,,,,,,,,
front_end,5451627.61739312,True,icp_accepted,2495,1.0,0.13004544660535033,10.614367987727746,7.237643003463745,5.030141008319333,2.118025004165247,1,1,0,,,,,,,,,,,,,,local_map_fast,False,12,6204,0,False,False,False,,,,inactive,,,,,,,,,,
front_end,5451627.717376704,True,icp_accepted,2503,1.0,0.13201267402629296,10.62190197990276,6.859557994175702,4.832482984056696,2.097205026075244,1,1,0,,,,,,,,,,,,,,local_map_fast,False,12,6204,0,False,False,False,,,,inactive,,,,,,,,,,
front_end,5451627.817522944,True,icp_accepted,2570,1.0,0.13088263478348217,12.75629800511524,9.325733000878245,7.160930981626734,2.0850029832217842,1,1,0,,,,,,,,,,,,,,local_map_fast,False,12,6204,0,False,False,False,,,,inactive,,,,,,,,,,
front_end,5451627.917394496,True,icp_accepted,2674,1.0,0.1271296709700508,10.493533016415313,7.267809996847063,5.256394011666998,1.8474399985279888,1,1,0,,,,,,,,,,,,,,local_map_fast,False,12,6204,0,False,False,False,,,,inactive,,,,,,,,,,
front_end,5451628.017306176,True,icp_accepted,2694,1.0,0.1243775603184589,10.453166993102059,6.736768002156168,4.847281001275405,1.801723992684856,1,1,0,,,,,,,,,,,,,,local_map_fast,False,12,6204,0,False,False,False,,,,inactive,,,,,,,,,,
front_end,5451628.117380736,True,icp_accepted,2778,1.0,0.13253738790704098,10.171039990382269,6.639205996179953,4.586424009175971,1.9350229995325208,1,1,0,,,,,,,,,,,,,,local_map_fast,False,12,6204,0,False,False,False,,,,inactive,,,,,,,,,,
front_end,5451628.217292096,True,icp_accepted,2697,1.0,0.11939695979555714,10.538997972616926,7.1256139781326056,4.804830998182297,2.0298699964769185,1,1,0,,,,,,,,,,,,,,local_map_fast,False,12,6204,0,False,False,False,,,,inactive,,,,,,,,,,
front_end,5451628.31741504,True,icp_accepted,2729,1.0,0.12228704107113082,5.1617980061564595,2.0344179938547313,0.16271401545964181,1.7811660072766244,1,1,0,,,,,,,,,,,,,,local_map_fast,False,12,6204,0,False,False,False,,,,inactive,,,,,,,,,,
front_end,5451628.417356096,True,icp_accepted,2764,1.0,0.12008827831782014,8.6037139990367,5.490522016771138,3.5747140063904226,1.6644280112814158,1,1,0,,,,,,,,,,,,,,local_map_fast,False,12,6204,0,False,False,False,,,,inactive,,,,,,,,,,
front_end,5451628.517319776,True,icp_accepted,2767,1.0,0.12105370721733555,8.414531010203063,5.454775004182011,3.516526019666344,1.6214270144701004,1,1,0,,,,,,,,,,,,,,local_map_fast,False,12,6204,0,False,False,False,,,,inactive,,,,,,,,,,
front_end,5451628.617379296,True,icp_accepted,2793,1.0,0.12331060502760065,10.17431597574614,6.553274986799806,4.5465790026355535,2.102414990076795,1,1,0,,,,,,,,,,,,,,local_map_fast,False,12,6204,0,False,False,False,,,,inactive,,,,,,,,,,
front_end,5451628.717358752,True,icp_accepted,2666,1.0,0.1239766820944975,10.986384004354477,7.74836799246259,5.668693978805095,1.7113559879362583,1,1,0,,,,,,,,,,,,,,local_map_fast,False,12,6204,0,False,False,False,,,,inactive,,,,,,,,,,
front_end,5451628.817465344,True,icp_accepted,2759,1.0,0.12121014791880945,11.703853000653908,8.053377008764073,5.389942991314456,1.858811010606587,1,1,0,,,,,,,,,,,,,,local_map_fast,False,12,6204,0,False,False,False,,,,inactive,,,,,,,,,,
front_end,5451628.917379936,True,icp_accepted,2774,1.0,0.11966340012782549,10.726347012678161,7.240088016260415,5.242137995082885,1.7355100135318935,1,1,0,,,,,,,,,,,,,,local_map_fast,False,12,6204,0,False,False,False,,,,inactive,,,,,,,,,,
front_end,5451629.017376864,True,icp_accepted,2831,1.0,0.11823534501221013,10.946167982183397,7.00412699370645,5.013631016481668,2.332395000848919,1,1,0,,,,,,,,,,,,,,local_map_fast,False,12,6204,0,False,False,False,,,,inactive,,,,,,,,,,
front_end,5451629.11727216,True,icp_accepted,2854,1.0,0.12096906178932365,11.046605999581516,7.336950016906485,5.358013993827626,2.161104988772422,1,1,0,,,,,,,,,,,,,,local_map_fast,False,12,6204,0,False,False,False,,,,inactive,,,,,,,,,,
front_end,5451629.21736512,True,icp_accepted,2799,1.0,0.11820487049048614,12.492415989981964,8.293424994917586,6.249438010854647,2.116663003107533,1,1,0,,,,,,,,,,,,,,local_map_fast,False,12,6204,0,False,False,False,,,,inactive,,,,,,,,,,
front_end,5451629.317332736,True,icp_accepted,2812,1.0,0.12183602689766013,11.90367600065656,7.921790995169431,5.09390200022608,2.2780240105930716,1,1,0,,,,,,,,,,,,,,local_map_fast,False,12,6204,0,False,False,False,,,,inactive,,,,,,,,,,
front_end,5451629.417444736,True,icp_accepted,2791,1.0,0.12361441934757106,10.010972007876262,6.517570000141859,4.609656025422737,2.1044290042482316,1,1,0,,,,,,,,,,,,,,local_map_fast,False,12,6204,0,False,False,False,,,,inactive,,,,,,,,,,
front_end,5451629.51735696,True,icp_accepted,2828,1.0,0.12016220394981146,10.977466008625925,7.070371008012444,4.598546016495675,1.806243002647534,1,1,0,,,,,,,,,,,,,,local_map_fast,False,12,6204,0,False,False,False,,,,inactive,,,,,,,,,,
front_end,5451629.61738,True,icp_accepted,2822,1.0,0.12299947467550092,12.8849379834719,9.633206995204091,7.217215024866164,1.805299980333075,1,1,0,,,,,,,,,,,,,,local_map_fast,False,12,6204,0,False,False,False,,,,inactive,,,,,,,,,,
front_end,5451629.717402688,True,icp_accepted,2806,1.0,0.12244389448612127,10.305232019163668,6.75170699832961,4.734139976790175,1.7488560115452856,1,1,0,,,,,,,,,,,,,,local_map_fast,False,12,6204,0,False,False,False,,,,inactive,,,,,,,,,,
front_end,5451629.817346848,True,icp_accepted,2890,1.0,0.12491625403246573,9.778337000170723,6.579384003998712,4.63328100158833,1.7445470148231834,1,1,0,,,,,,,,,,,,,,local_map_fast,False,12,6204,0,False,False,False,,,,inactive,,,,,,,,,,
front_end,5451629.917281632,True,icp_accepted,2869,1.0,0.12312710798107616,15.376991010271013,11.845297005493194,9.446569019928575,1.9231309997849166,1,1,0,,,,,,,,,,,,,,local_map_fast,False,12,6204,0,False,False,False,,,,inactive,,,,,,,,,,
front_end,5451630.017245184,True,icp_accepted,2830,1.0,0.11757565818620885,10.259345988743007,6.853606988443062,4.813998006284237,2.014652010984719,1,1,0,,,,,,,,,,,,,,local_map_fast,False,12,6204,0,False,False,False,,,,inactive,,,,,,,,,,
front_end,5451630.117364928,True,icp_accepted,2881,1.0,0.11600502396312384,13.623286999063566,9.87466800143011,7.868902990594506,2.0696349965874106,1,1,0,,,,,,,,,,,,,,local_map_fast,False,12,6204,0,False,False,False,,,,inactive,,,,,,,,,,
front_end,5451630.21730896,True,icp_accepted,2901,1.0,0.11739358214750184,10.486169019713998,6.500627001514658,4.534447012702003,2.1115029812790453,1,1,0,,,,,,,,,,,,,,local_map_fast,False,12,6204,0,False,False,False,,,,inactive,,,,,,,,,,
front_end,5451630.317253728,True,icp_accepted,2865,1.0,0.11416721946210938,11.796576000051573,8.257898996816948,5.663014017045498,1.5686190163251013,1,1,0,,,,,,,,,,,,,,local_map_fast,False,12,6204,0,False,False,False,,,,inactive,,,,,,,,,,
front_end,5451630.4172968,True,icp_accepted,2903,1.0,0.11692114987643576,10.942360997432843,7.8936589998193085,5.904204008402303,1.650843012612313,1,1,0,,,,,,,,,,,,,,local_map_fast,False,12,6204,0,False,False,False,,,,inactive,,,,,,,,,,
front_end,5451630.51729632,True,icp_accepted,2929,1.0,0.11495550489793872,13.211638986831531,9.563277009874582,7.164548005675897,2.0114160142838955,1,1,0,,,,,,,,,,,,,,local_map_fast,False,12,6204,0,False,False,False,,,,inactive,,,,,,,,,,
front_end,5451630.61736432,True,icp_accepted,2835,1.0,0.11814406908804365,10.419485013699159,6.860710011096671,4.84189999406226,1.8109520024154335,1,1,0,,,,,,,,,,,,,,local_map_fast,False,12,6204,0,False,False,False,,,,inactive,,,,,,,,,,
front_end,5451630.71733632,True,icp_accepted,2883,1.0,0.11653507106363395,14.359622000483796,11.094977002358064,9.07916299183853,1.7742329800967127,1,1,0,,,,,,,,,,,,,,local_map_fast,False,12,6204,0,False,False,False,,,,inactive,,,,,,,,,,
front_end,5451630.817267392,True,icp_accepted,2813,1.0,0.1179533814220433,9.81985600083135,6.582861999049783,4.659119003918022,1.7828790005296469,1,1,0,,,,,,,,,,,,,,local_map_fast,False,12,6204,0,False,False,False,,,,inactive,,,,,,,,,,
front_end,5451630.917331744,True,icp_accepted,2899,1.0,0.11667121004893172,13.212450983701274,9.484820009674877,7.072114996844903,2.1207999961916357,1,1,0,,,,,,,,,,,,,,local_map_fast,False,12,6204,0,False,False,False,,,,inactive,,,,,,,,,,
front_end,5451631.017362368,True,icp_accepted,2876,1.0,0.11357531603417306,10.480780008947477,6.818160996772349,4.855386010603979,2.0997510000597686,1,1,0,,,,,,,,,,,,,,local_map_fast,False,12,6204,0,False,False,False,,,,inactive,,,,,,,,,,
front_end,5451631.117377504,True,icp_accepted,2826,1.0,0.11607462064599439,12.594436993822455,9.170914010610431,6.906746013555676,1.7698339943308383,1,1,0,,,,,,,,,,,,,,local_map_fast,False,12,6204,0,False,False,False,,,,inactive,,,,,,,,,,
front_end,5451631.217228512,True,icp_accepted,2875,1.0,0.11436441154930055,11.959761992329732,8.101788000203669,6.15330899017863,2.2832830145489424,1,1,0,,,,,,,,,,,,,,local_map_fast,False,12,6204,0,False,False,False,,,,inactive,,,,,,,,,,
front_end,5451631.317251744,True,icp_accepted,2781,1.0,0.11345514359560216,9.291639988077804,6.182704993989319,4.339061997598037,1.7503679846413434,1,1,0,,,,,,,,,,,,,,local_map_fast,False,12,6204,0,False,False,False,,,,inactive,,,,,,,,,,
front_end,5451631.411955552,True,icp_accepted,2915,1.0,0.11436511279140331,14.243796991650015,10.528339014854282,8.351794996997342,1.8667549884412438,1,1,0,,,,,,,,,,,,,,local_map_fast,False,12,6204,0,False,False,False,,,,inactive,,,,,,,,,,
front_end,5451631.517391616,True,icp_accepted,2865,1.0,0.11526441145493606,10.823620017617941,6.819874019129202,4.824217001441866,2.093779999995604,1,1,0,,,,,,,,,,,,,,local_map_fast,False,12,6204,0,False,False,False,,,,inactive,,,,,,,,,,
front_end,5451631.617198208,True,icp_accepted,2882,1.0,0.11436422286144653,12.026425974909216,7.077344984281808,4.737555980682373,1.9183110271114856,1,1,0,,,,,,,,,,,,,,local_map_fast,False,12,6204,0,False,False,False,,,,inactive,,,,,,,,,,
front_end,5451631.717314144,True,icp_accepted,2894,1.0,0.11361152612123138,10.686674009775743,6.899342988617718,4.816634027520195,2.1024250017944723,1,1,0,,,,,,,,,,,,,,local_map_fast,False,12,6204,0,False,False,False,,,,inactive,,,,,,,,,,
front_end,5451631.817362656,True,icp_accepted,2885,1.0,0.11568088466659465,11.09156000893563,7.399605994578451,4.956134012900293,1.8496839911676943,1,1,0,,,,,,,,,,,,,,local_map_fast,False,12,6204,0,False,False,False,,,,inactive,,,,,,,,,,
front_end,5451631.917328288,True,icp_accepted,2880,1.0,0.11590062538007578,9.892442001728341,6.49700200301595,4.59741399390623,1.93702700198628,1,1,0,,,,,,,,,,,,,,local_map_fast,False,12,6204,0,False,False,False,,,,inactive,,,,,,,,,,
front_end,5451632.017384768,True,icp_accepted,2832,1.0,0.11621783753624337,10.784317011712119,6.7281929950695485,4.685830004746094,1.840587006881833,1,1,0,,,,,,,,,,,,,,local_map_fast,False,12,6204,0,False,False,False,,,,inactive,,,,,,,,,,
front_end,5451632.117295456,True,icp_accepted,2908,1.0,0.11443587764595285,12.872645980678499,8.9877619757317,6.631833006395027,2.4567280197516084,1,1,0,,,,,,,,,,,,,,local_map_fast,False,12,6204,0,False,False,False,,,,inactive,,,,,,,,,,
