status_source,stamp_s,accepted,reason,points,fitness,rmse,processing_ms,preprocess_ms,icp_ms,primary_icp_ms,prediction_icp_ms,recovery_icp_ms,recovery_prepare_ms,mapping_ms,publish_ms,other_ms,icp_calls,scan_dt_sec,dropped_scans_estimated_last,dropped_scans_estimated_total,icp_target,keyframe_added,local_map_frames,local_map_points,consecutive_rejections,recovery_active,recovery_attempted,recovery_success,recovery_provisional,recovery_confirmed,recovery_confirmations,recovery_reason,recovery_seed_yaw_offset_deg,recovery_imu_error_deg,pose_graph_nodes,pose_graph_edges,loop_closures,loop_detection_ms,optimization_ms,map_publish_ms,backend,optimized
front_end,,True,kiss_icp_odometry,,,,,,,,,,,,,,,,,,,,,0,,,,,,,,,,,,,,,,,,
optimized_backend,,,,,,,0.8075450023170561,,,,,,,,,,,,,,,,,,,,,,,,,,,,1,0,0,0.0032660027500241995,0.0,0.31511099950876087,pose_graph,False
front_end,,True,kiss_icp_odometry,,,,,,,,,,,,,,,,,,,,,3746,,,,,,,,,,,,,,,,,,
front_end,,True,kiss_icp_odometry,,,,,,,,,,,,,,,,,,,,,5915,,,,,,,,,,,,,,,,,,
front_end,,True,kiss_icp_odometry,,,,,,,,,,,,,,,,,,,,,7516,,,,,,,,,,,,,,,,,,
front_end,,True,kiss_icp_odometry,,,,,,,,,,,,,,,,,,,,,8607,,,,,,,,,,,,,,,,,,
front_end,,True,kiss_icp_odometry,,,,,,,,,,,,,,,,,,,,,9634,,,,,,,,,,,,,,,,,,
front_end,,True,kiss_icp_odometry,,,,,,,,,,,,,,,,,,,,,10461,,,,,,,,,,,,,,,,,,
front_end,,True,kiss_icp_odometry,,,,,,,,,,,,,,,,,,,,,11142,,,,,,,,,,,,,,,,,,
front_end,,True,kiss_icp_odometry,,,,,,,,,,,,,,,,,,,,,11658,,,,,,,,,,,,,,,,,,
front_end,,True,kiss_icp_odometry,,,,,,,,,,,,,,,,,,,,,12010,,,,,,,,,,,,,,,,,,
front_end,,True,kiss_icp_odometry,,,,,,,,,,,,,,,,,,,,,12436,,,,,,,,,,,,,,,,,,
front_end,,True,kiss_icp_odometry,,,,,,,,,,,,,,,,,,,,,12875,,,,,,,,,,,,,,,,,,
front_end,,True,kiss_icp_odometry,,,,,,,,,,,,,,,,,,,,,13303,,,,,,,,,,,,,,,,,,
front_end,,True,kiss_icp_odometry,,,,,,,,,,,,,,,,,,,,,13749,,,,,,,,,,,,,,,,,,
front_end,,True,kiss_icp_odometry,,,,,,,,,,,,,,,,,,,,,14123,,,,,,,,,,,,,,,,,,
front_end,,True,kiss_icp_odometry,,,,,,,,,,,,,,,,,,,,,14457,,,,,,,,,,,,,,,,,,
front_end,,True,kiss_icp_odometry,,,,,,,,,,,,,,,,,,,,,14763,,,,,,,,,,,,,,,,,,
front_end,,True,kiss_icp_odometry,,,,,,,,,,,,,,,,,,,,,15039,,,,,,,,,,,,,,,,,,
front_end,,True,kiss_icp_odometry,,,,,,,,,,,,,,,,,,,,,15258,,,,,,,,,,,,,,,,,,
front_end,,True,kiss_icp_odometry,,,,,,,,,,,,,,,,,,,,,15521,,,,,,,,,,,,,,,,,,
front_end,,True,kiss_icp_odometry,,,,,,,,,,,,,,,,,,,,,15743,,,,,,,,,,,,,,,,,,
front_end,,True,kiss_icp_odometry,,,,,,,,,,,,,,,,,,,,,16027,,,,,,,,,,,,,,,,,,
front_end,,True,kiss_icp_odometry,,,,,,,,,,,,,,,,,,,,,16269,,,,,,,,,,,,,,,,,,
front_end,,True,kiss_icp_odometry,,,,,,,,,,,,,,,,,,,,,16503,,,,,,,,,,,,,,,,,,
front_end,,True,kiss_icp_odometry,,,,,,,,,,,,,,,,,,,,,16738,,,,,,,,,,,,,,,,,,
front_end,,True,kiss_icp_odometry,,,,,,,,,,,,,,,,,,,,,16995,,,,,,,,,,,,,,,,,,
front_end,,True,kiss_icp_odometry,,,,,,,,,,,,,,,,,,,,,17223,,,,,,,,,,,,,,,,,,
front_end,,True,kiss_icp_odometry,,,,,,,,,,,,,,,,,,,,,17415,,,,,,,,,,,,,,,,,,
front_end,,True,kiss_icp_odometry,,,,,,,,,,,,,,,,,,,,,17675,,,,,,,,,,,,,,,,,,
front_end,,True,kiss_icp_odometry,,,,,,,,,,,,,,,,,,,,,17876,,,,,,,,,,,,,,,,,,
front_end,,True,kiss_icp_odometry,,,,,,,,,,,,,,,,,,,,,18080,,,,,,,,,,,,,,,,,,
front_end,,True,kiss_icp_odometry,,,,,,,,,,,,,,,,,,,,,18298,,,,,,,,,,,,,,,,,,
front_end,,True,kiss_icp_odometry,,,,,,,,,,,,,,,,,,,,,18470,,,,,,,,,,,,,,,,,,
front_end,,True,kiss_icp_odometry,,,,,,,,,,,,,,,,,,,,,18658,,,,,,,,,,,,,,,,,,
front_end,,True,kiss_icp_odometry,,,,,,,,,,,,,,,,,,,,,18820,,,,,,,,,,,,,,,,,,
front_end,,True,kiss_icp_odometry,,,,,,,,,,,,,,,,,,,,,18923,,,,,,,,,,,,,,,,,,
front_end,,True,kiss_icp_odometry,,,,,,,,,,,,,,,,,,,,,19046,,,,,,,,,,,,,,,,,,
front_end,,True,kiss_icp_odometry,,,,,,,,,,,,,,,,,,,,,19160,,,,,,,,,,,,,,,,,,
front_end,,True,kiss_icp_odometry,,,,,,,,,,,,,,,,,,,,,19269,,,,,,,,,,,,,,,,,,
front_end,,True,kiss_icp_odometry,,,,,,,,,,,,,,,,,,,,,19413,,,,,,,,,,,,,,,,,,
front_end,,True,kiss_icp_odometry,,,,,,,,,,,,,,,,,,,,,19557,,,,,,,,,,,,,,,,,,
front_end,,True,kiss_icp_odometry,,,,,,,,,,,,,,,,,,,,,19668,,,,,,,,,,,,,,,,,,
front_end,,True,kiss_icp_odometry,,,,,,,,,,,,,,,,,,,,,19804,,,,,,,,,,,,,,,,,,
front_end,,True,kiss_icp_odometry,,,,,,,,,,,,,,,,,,,,,19919,,,,,,,,,,,,,,,,,,
front_end,,True,kiss_icp_odometry,,,,,,,,,,,,,,,,,,,,,20011,,,,,,,,,,,,,,,,,,
front_end,,True,kiss_icp_odometry,,,,,,,,,,,,,,,,,,,,,20146,,,,,,,,,,,,,,,,,,
front_end,,True,kiss_icp_odometry,,,,,,,,,,,,,,,,,,,,,20257,,,,,,,,,,,,,,,,,,
front_end,,True,kiss_icp_odometry,,,,,,,,,,,,,,,,,,,,,20382,,,,,,,,,,,,,,,,,,
front_end,,True,kiss_icp_odometry,,,,,,,,,,,,,,,,,,,,,20498,,,,,,,,,,,,,,,,,,
front_end,,True,kiss_icp_odometry,,,,,,,,,,,,,,,,,,,,,20623,,,,,,,,,,,,,,,,,,
front_end,,True,kiss_icp_odometry,,,,,,,,,,,,,,,,,,,,,20749,,,,,,,,,,,,,,,,,,
front_end,,True,kiss_icp_odometry,,,,,,,,,,,,,,,,,,,,,20864,,,,,,,,,,,,,,,,,,
front_end,,True,kiss_icp_odometry,,,,,,,,,,,,,,,,,,,,,20993,,,,,,,,,,,,,,,,,,
front_end,,True,kiss_icp_odometry,,,,,,,,,,,,,,,,,,,,,21116,,,,,,,,,,,,,,,,,,
front_end,,True,kiss_icp_odometry,,,,,,,,,,,,,,,,,,,,,21246,,,,,,,,,,,,,,,,,,
front_end,,True,kiss_icp_odometry,,,,,,,,,,,,,,,,,,,,,21359,,,,,,,,,,,,,,,,,,
front_end,,True,kiss_icp_odometry,,,,,,,,,,,,,,,,,,,,,21487,,,,,,,,,,,,,,,,,,
front_end,,True,kiss_icp_odometry,,,,,,,,,,,,,,,,,,,,,21581,,,,,,,,,,,,,,,,,,
front_end,,True,kiss_icp_odometry,,,,,,,,,,,,,,,,,,,,,21673,,,,,,,,,,,,,,,,,,
front_end,,True,kiss_icp_odometry,,,,,,,,,,,,,,,,,,,,,21770,,,,,,,,,,,,,,,,,,
front_end,,True,kiss_icp_odometry,,,,,,,,,,,,,,,,,,,,,21849,,,,,,,,,,,,,,,,,,
front_end,,True,kiss_icp_odometry,,,,,,,,,,,,,,,,,,,,,21929,,,,,,,,,,,,,,,,,,
front_end,,True,kiss_icp_odometry,,,,,,,,,,,,,,,,,,,,,22004,,,,,,,,,,,,,,,,,,
front_end,,True,kiss_icp_odometry,,,,,,,,,,,,,,,,,,,,,22056,,,,,,,,,,,,,,,,,,
front_end,,True,kiss_icp_odometry,,,,,,,,,,,,,,,,,,,,,22138,,,,,,,,,,,,,,,,,,
front_end,,True,kiss_icp_odometry,,,,,,,,,,,,,,,,,,,,,22210,,,,,,,,,,,,,,,,,,
front_end,,True,kiss_icp_odometry,,,,,,,,,,,,,,,,,,,,,22307,,,,,,,,,,,,,,,,,,
front_end,,True,kiss_icp_odometry,,,,,,,,,,,,,,,,,,,,,22357,,,,,,,,,,,,,,,,,,
front_end,,True,kiss_icp_odometry,,,,,,,,,,,,,,,,,,,,,22418,,,,,,,,,,,,,,,,,,
front_end,,True,kiss_icp_odometry,,,,,,,,,,,,,,,,,,,,,22475,,,,,,,,,,,,,,,,,,
front_end,,True,kiss_icp_odometry,,,,,,,,,,,,,,,,,,,,,22541,,,,,,,,,,,,,,,,,,
front_end,,True,kiss_icp_odometry,,,,,,,,,,,,,,,,,,,,,22620,,,,,,,,,,,,,,,,,,
front_end,,True,kiss_icp_odometry,,,,,,,,,,,,,,,,,,,,,22686,,,,,,,,,,,,,,,,,,
front_end,,True,kiss_icp_odometry,,,,,,,,,,,,,,,,,,,,,22734,,,,,,,,,,,,,,,,,,
front_end,,True,kiss_icp_odometry,,,,,,,,,,,,,,,,,,,,,22912,,,,,,,,,,,,,,,,,,
front_end,,True,kiss_icp_odometry,,,,,,,,,,,,,,,,,,,,,23080,,,,,,,,,,,,,,,,,,
front_end,,True,kiss_icp_odometry,,,,,,,,,,,,,,,,,,,,,23257,,,,,,,,,,,,,,,,,,
front_end,,True,kiss_icp_odometry,,,,,,,,,,,,,,,,,,,,,23529,,,,,,,,,,,,,,,,,,
front_end,,True,kiss_icp_odometry,,,,,,,,,,,,,,,,,,,,,23920,,,,,,,,,,,,,,,,,,
front_end,,True,kiss_icp_odometry,,,,,,,,,,,,,,,,,,,,,24262,,,,,,,,,,,,,,,,,,
front_end,,True,kiss_icp_odometry,,,,,,,,,,,,,,,,,,,,,24666,,,,,,,,,,,,,,,,,,
front_end,,True,kiss_icp_odometry,,,,,,,,,,,,,,,,,,,,,24945,,,,,,,,,,,,,,,,,,
front_end,,True,kiss_icp_odometry,,,,,,,,,,,,,,,,,,,,,25183,,,,,,,,,,,,,,,,,,
front_end,,True,kiss_icp_odometry,,,,,,,,,,,,,,,,,,,,,25486,,,,,,,,,,,,,,,,,,
front_end,,True,kiss_icp_odometry,,,,,,,,,,,,,,,,,,,,,25712,,,,,,,,,,,,,,,,,,
front_end,,True,kiss_icp_odometry,,,,,,,,,,,,,,,,,,,,,26014,,,,,,,,,,,,,,,,,,
front_end,,True,kiss_icp_odometry,,,,,,,,,,,,,,,,,,,,,26289,,,,,,,,,,,,,,,,,,
front_end,,True,kiss_icp_odometry,,,,,,,,,,,,,,,,,,,,,26625,,,,,,,,,,,,,,,,,,
front_end,,True,kiss_icp_odometry,,,,,,,,,,,,,,,,,,,,,26854,,,,,,,,,,,,,,,,,,
front_end,,True,kiss_icp_odometry,,,,,,,,,,,,,,,,,,,,,27161,,,,,,,,,,,,,,,,,,
front_end,,True,kiss_icp_odometry,,,,,,,,,,,,,,,,,,,,,27438,,,,,,,,,,,,,,,,,,
front_end,,True,kiss_icp_odometry,,,,,,,,,,,,,,,,,,,,,27669,,,,,,,,,,,,,,,,,,
front_end,,True,kiss_icp_odometry,,,,,,,,,,,,,,,,,,,,,27894,,,,,,,,,,,,,,,,,,
front_end,,True,kiss_icp_odometry,,,,,,,,,,,,,,,,,,,,,28112,,,,,,,,,,,,,,,,,,
front_end,,True,kiss_icp_odometry,,,,,,,,,,,,,,,,,,,,,28381,,,,,,,,,,,,,,,,,,
front_end,,True,kiss_icp_odometry,,,,,,,,,,,,,,,,,,,,,28639,,,,,,,,,,,,,,,,,,
front_end,,True,kiss_icp_odometry,,,,,,,,,,,,,,,,,,,,,28903,,,,,,,,,,,,,,,,,,
front_end,,True,kiss_icp_odometry,,,,,,,,,,,,,,,,,,,,,29437,,,,,,,,,,,,,,,,,,
front_end,,True,kiss_icp_odometry,,,,,,,,,,,,,,,,,,,,,29752,,,,,,,,,,,,,,,,,,
front_end,,True,kiss_icp_odometry,,,,,,,,,,,,,,,,,,,,,30054,,,,,,,,,,,,,,,,,,
optimized_backend,,,,,,,29.680852007004432,,,,,,,,,,,,,,,,,,,,,,,,,,,,2,1,0,0.0023939937818795443,0.0,0.0,pose_graph,False
front_end,,True,kiss_icp_odometry,,,,,,,,,,,,,,,,,,,,,30251,,,,,,,,,,,,,,,,,,
front_end,,True,kiss_icp_odometry,,,,,,,,,,,,,,,,,,,,,30481,,,,,,,,,,,,,,,,,,
front_end,,True,kiss_icp_odometry,,,,,,,,,,,,,,,,,,,,,30828,,,,,,,,,,,,,,,,,,
front_end,,True,kiss_icp_odometry,,,,,,,,,,,,,,,,,,,,,31540,,,,,,,,,,,,,,,,,,
front_end,,True,kiss_icp_odometry,,,,,,,,,,,,,,,,,,,,,31836,,,,,,,,,,,,,,,,,,
front_end,,True,kiss_icp_odometry,,,,,,,,,,,,,,,,,,,,,32103,,,,,,,,,,,,,,,,,,
front_end,,True,kiss_icp_odometry,,,,,,,,,,,,,,,,,,,,,32349,,,,,,,,,,,,,,,,,,
front_end,,True,kiss_icp_odometry,,,,,,,,,,,,,,,,,,,,,32668,,,,,,,,,,,,,,,,,,
front_end,,True,kiss_icp_odometry,,,,,,,,,,,,,,,,,,,,,32998,,,,,,,,,,,,,,,,,,
front_end,,True,kiss_icp_odometry,,,,,,,,,,,,,,,,,,,,,33223,,,,,,,,,,,,,,,,,,
front_end,,True,kiss_icp_odometry,,,,,,,,,,,,,,,,,,,,,33447,,,,,,,,,,,,,,,,,,
front_end,,True,kiss_icp_odometry,,,,,,,,,,,,,,,,,,,,,33773,,,,,,,,,,,,,,,,,,
front_end,,True,kiss_icp_odometry,,,,,,,,,,,,,,,,,,,,,34058,,,,,,,,,,,,,,,,,,
front_end,,True,kiss_icp_odometry,,,,,,,,,,,,,,,,,,,,,34429,,,,,,,,,,,,,,,,,,
front_end,,True,kiss_icp_odometry,,,,,,,,,,,,,,,,,,,,,34680,,,,,,,,,,,,,,,,,,
front_end,,True,kiss_icp_odometry,,,,,,,,,,,,,,,,,,,,,34952,,,,,,,,,,,,,,,,,,
front_end,,True,kiss_icp_odometry,,,,,,,,,,,,,,,,,,,,,35193,,,,,,,,,,,,,,,,,,
front_end,,True,kiss_icp_odometry,,,,,,,,,,,,,,,,,,,,,35430,,,,,,,,,,,,,,,,,,
front_end,,True,kiss_icp_odometry,,,,,,,,,,,,,,,,,,,,,35784,,,,,,,,,,,,,,,,,,
front_end,,True,kiss_icp_odometry,,,,,,,,,,,,,,,,,,,,,36015,,,,,,,,,,,,,,,,,,
front_end,,True,kiss_icp_odometry,,,,,,,,,,,,,,,,,,,,,36327,,,,,,,,,,,,,,,,,,
front_end,,True,kiss_icp_odometry,,,,,,,,,,,,,,,,,,,,,36595,,,,,,,,,,,,,,,,,,
front_end,,True,kiss_icp_odometry,,,,,,,,,,,,,,,,,,,,,36927,,,,,,,,,,,,,,,,,,
front_end,,True,kiss_icp_odometry,,,,,,,,,,,,,,,,,,,,,37391,,,,,,,,,,,,,,,,,,
front_end,,True,kiss_icp_odometry,,,,,,,,,,,,,,,,,,,,,37720,,,,,,,,,,,,,,,,,,
front_end,,True,kiss_icp_odometry,,,,,,,,,,,,,,,,,,,,,37970,,,,,,,,,,,,,,,,,,
optimized_backend,,,,,,,91.5531169885071,,,,,,,,,,,,,,,,,,,,,,,,,,,,3,2,0,0.003626002580858767,0.0,0.0,pose_graph,False
front_end,,True,kiss_icp_odometry,,,,,,,,,,,,,,,,,,,,,38210,,,,,,,,,,,,,,,,,,
front_end,,True,kiss_icp_odometry,,,,,,,,,,,,,,,,,,,,,38423,,,,,,,,,,,,,,,,,,
front_end,,True,kiss_icp_odometry,,,,,,,,,,,,,,,,,,,,,38635,,,,,,,,,,,,,,,,,,
front_end,,True,kiss_icp_odometry,,,,,,,,,,,,,,,,,,,,,38882,,,,,,,,,,,,,,,,,,
front_end,,True,kiss_icp_odometry,,,,,,,,,,,,,,,,,,,,,39178,,,,,,,,,,,,,,,,,,
front_end,,True,kiss_icp_odometry,,,,,,,,,,,,,,,,,,,,,39397,,,,,,,,,,,,,,,,,,
front_end,,True,kiss_icp_odometry,,,,,,,,,,,,,,,,,,,,,39580,,,,,,,,,,,,,,,,,,
front_end,,True,kiss_icp_odometry,,,,,,,,,,,,,,,,,,,,,40270,,,,,,,,,,,,,,,,,,
front_end,,True,kiss_icp_odometry,,,,,,,,,,,,,,,,,,,,,40476,,,,,,,,,,,,,,,,,,
front_end,,True,kiss_icp_odometry,,,,,,,,,,,,,,,,,,,,,40664,,,,,,,,,,,,,,,,,,
front_end,,True,kiss_icp_odometry,,,,,,,,,,,,,,,,,,,,,40844,,,,,,,,,,,,,,,,,,
front_end,,True,kiss_icp_odometry,,,,,,,,,,,,,,,,,,,,,41143,,,,,,,,,,,,,,,,,,
front_end,,True,kiss_icp_odometry,,,,,,,,,,,,,,,,,,,,,41350,,,,,,,,,,,,,,,,,,
front_end,,True,kiss_icp_odometry,,,,,,,,,,,,,,,,,,,,,41566,,,,,,,,,,,,,,,,,,
front_end,,True,kiss_icp_odometry,,,,,,,,,,,,,,,,,,,,,41765,,,,,,,,,,,,,,,,,,
front_end,,True,kiss_icp_odometry,,,,,,,,,,,,,,,,,,,,,41973,,,,,,,,,,,,,,,,,,
