stamp_s,x_m,y_m,z_m,yaw_rad,yaw_deg
4316753.367891872,0.0,0.0,0.0,0.0,0.0
4316764.068977152,0.47858755670568065,0.14656944390539284,0.0416342078616626,0.019168462391807754,1.0982719948058277
4316766.868894112,0.9783338142981255,0.10753039865523548,0.06136886825938213,0.03648219533513942,2.0902758200753486
4316771.268022656,1.3225753402095146,0.0962724580750824,0.08281079000355529,0.22361926497475867,12.812440100871305
4316771.968719296,1.304266618910748,0.12391643613294154,0.06580154954795625,0.41510215222582114,23.78360138933658
4316775.968553824,1.3801955322117239,0.03264015123001423,0.07414813435388581,0.5934512882716082,34.00225416456472
4316778.968853408,1.7645537256979322,0.3640176168528088,0.09520428362132596,0.6058169392567839,34.71075377694708
4316781.4685544,2.1632093118006868,0.6869726088946546,0.11707533156000234,0.639858808756177,36.661209225997425
4316785.268706688,2.5944325871573435,0.945450111261351,0.1481438389075938,0.6451150036095638,36.962367007394874
4316787.168556384,2.6449169472508682,0.8932057535446508,0.13924274089265162,0.43222151646177986,24.76446870800422
4316787.568586976,2.632716414879758,0.9351514451660405,0.1441327227110041,0.2537552585217826,14.53910534254926
4316788.068520608,2.6319890876581455,0.8594158074760602,0.14403267606924888,0.03263572976578895,1.8698895769091815
4316788.468511488,2.648551391742201,0.9413763548233355,0.1474337637538054,-0.1882311711817056,-10.78485168151626
4316788.868475648,2.6180464226110103,0.8733978244099551,0.14080637268798205,-0.3645673863157518,-20.88817258400802
4316789.268633504,2.657460704074233,0.9130272811385352,0.14621503741811165,-0.5791296013111681,-33.18168194622396
4316789.7684592,2.6377649404367554,0.8915265549268285,0.1296824602555606,-0.7804778154015499,-44.71808482609937
4316790.468564032,2.6986749283982236,0.9165736347392008,0.1439747244148007,-0.9724587384131922,-55.71778146169246
4316796.368388384,2.857741109058293,0.42081496770766763,0.1790504742751846,-1.0296732809776383,-58.99593327740683
4316798.36837952,3.141134638570206,-0.002663906500241645,0.24302360784465254,-1.0170374747218764,-58.271954908206666
4316800.16814208,3.4340736567139705,-0.40785300330650365,0.30963592825361186,-1.0098548018660563,-57.86041806794499
4316802.168225024,3.700492503605254,-0.8447815254254402,0.348827558257285,-0.9993450892367143,-57.25825589038836
4316804.168179648,3.965997049839518,-1.2809925527685255,0.4052207910877954,-0.9921836157737193,-56.84793368586381
4316806.068121824,4.226830438203363,-1.7025070452606221,0.47174661180651234,-0.9898210332435496,-56.71256767813375
4316811.26794368,4.334358990784274,-2.174560977996075,0.5108692301205141,-1.164782837148876,-66.73714061790447
4316811.86786016,4.3651767312092336,-2.1476838280511825,0.5170727710117786,-1.3441264030064735,-77.01277002437133
4316812.367963776,4.378221361210708,-2.1588771054844687,0.5169926561537573,-1.5237011732928059,-87.30164646880944
4316813.067965856,4.295317573120526,-2.145703511244711,0.497140073618002,-1.7069642649751933,-97.8018481627293
4316813.567836928,4.372862048587789,-2.1859763471242823,0.5216749195282787,-1.8867545292180878,-108.103071501389
4316814.267867968,4.32546270525971,-2.1664643683479814,0.5101631912113073,-2.0741738145403126,-118.84140554971066
4316814.867937888,4.311487268601223,-2.1588089597350235,0.49696199000102576,-2.2540101228503397,-129.14526701908866
4316815.47104496,4.312218048134773,-2.1840871599328597,0.5160599157921845,-2.455593037642749,-140.695117258639
4316816.267841696,4.27681978528972,-2.1431866435161977,0.4986497560989287,-2.6431347379566574,-151.44046516933327
4316821.568458944,3.80085905669928,-2.304315482242323,0.47721923109451314,-2.742635586345501,-157.14144383998507
4316823.267842176,3.328665404939908,-2.483441441536322,0.4492773327367619,-2.7449860137560176,-157.27611341065955
4316825.067917888,2.824953515227064,-2.6199375668552265,0.4312782957481663,-2.7780520146691656,-159.17065570835865
4316826.668366848,2.3739224376335075,-2.8417958423356704,0.4111129304524471,-2.7782610792688898,-159.18263422756843
4316828.368318304,1.877594863359164,-3.0212776663216245,0.38188462949357266,-2.7499083452152537,-157.55814222863825
4316829.969162304,1.3840844954117253,-3.126300206371491,0.3793077792742534,-2.757718034493656,-158.00560446359927
4316832.068341376,0.9025672371414544,-3.295903040279367,0.37106546297286047,-2.7283672417729417,-156.32392791533903
4316836.568250112,0.8334289605048204,-3.2250954481232217,0.34181127830249824,-2.909338181976608,-166.6927990035235
4316840.368979264,0.8257999215944485,-3.22501438392883,0.33608224065084236,-3.085972975833751,-176.81322720670113
4316848.268987232,0.9607588664755886,-3.366992666780278,0.3609248591240216,3.0223011691616906,173.16510141041914
4316852.068739968,0.9723407715682904,-3.5261126543635273,0.37389980128724004,2.844284252158521,162.96548338420686
4316853.568906592,0.9588015063236529,-3.5153046482628607,0.36650087615369964,2.6404243357503634,151.28517056212968
4316854.16891424,1.0080155858844746,-3.483865561726966,0.36167751224345623,2.465424250060183,141.2584042376546
4316854.668707808,0.9381825914525572,-3.5188857695065376,0.3692023846382507,2.253095027713578,129.09283592989928
4316855.168711776,1.009629665326258,-3.4912297109994204,0.367911190203636,2.0508439575940343,117.50470321004494
4316855.568913632,0.9710570189911928,-3.490617379208331,0.36430624777621595,1.8627921228478943,106.73012674939952
4316855.968792608,0.9698343394709172,-3.4882803091470005,0.36492783417034963,1.6835060563369737,96.457791812822
4316856.468889088,1.025012811012468,-3.4802590766773847,0.36106638559551474,1.4580116819663016,83.53791585743953
4316856.868855296,0.9627904401077385,-3.4600641058073545,0.3669436899949974,1.2503488410191004,71.6397115094684
4316857.26889968,1.0331402255291369,-3.4948327892897875,0.3618391143965279,1.073328721134663,61.49720575119027
4316857.668610624,0.9929839629561259,-3.4509843501851716,0.36715427309496934,0.8650995248601169,49.56655163325754
4316858.168649792,1.025484755449833,-3.494223086770829,0.3587312860967905,0.6506075642025367,37.2770675480921
4316858.568787136,1.0133981583862917,-3.4588113719039297,0.357164189655516,0.4536969966428031,25.994923085393697
4316859.068633408,1.0071222495693293,-3.4348559167506263,0.35467996824903714,0.26000463107549265,14.897168014481739
4316859.868749408,1.0002277002869588,-3.3736435524858495,0.35603359157598274,0.08437358385461705,4.834250257262701
4316862.568632224,1.0373472843467457,-3.375335743621787,0.3535881716853836,0.260704533756925,14.937269484197701
4316863.168605472,1.023218659581517,-3.33986351876601,0.3548969947566194,0.4533446936924167,25.97473761322655
4316875.168305312,1.5226829174160037,-3.282334100129524,0.36985312093984446,0.47367336871375615,27.13948489504232
4316877.468334144,1.9261850120907729,-2.966215296673279,0.37851775483399375,0.5069264364596501,29.044745332744647
4316880.068380096,2.413345858829617,-2.7988588454839136,0.3948097259494589,0.4611526218069637,26.422098940931633
4316882.268272608,2.8651672964713746,-2.56792589967175,0.40465166260939056,0.47940204836486466,27.467714061233313
4316884.268151584,3.310594064114943,-2.3279226320995794,0.44483361785533765,0.4856442820133345,27.825367704025183
4316886.2716232,3.764481094765749,-2.0761422540425785,0.4698201077598595,0.4871361110895636,27.910843213848015
4316888.36816288,4.203367033355882,-1.8259577035118202,0.4884881749989306,0.5116328407483416,29.31440243516894
4316891.267928256,4.3026219124275595,-1.9046998119816063,0.4995855008078633,0.6872511142938994,39.3765883147034
4316891.668057024,4.239133493348713,-1.8576303128953051,0.4831237477743349,0.862625046309988,49.424774455839504
4316892.067998496,4.287226304261473,-1.8889521975680927,0.49564757286138716,1.076078135877214,61.654735612069494
4316892.46792528,4.2699415697890295,-1.8957716744920845,0.4820571067534861,1.2626010994428063,72.34171420665035
4316892.867900832,4.249820438176627,-1.8938993469010195,0.48548211322976714,1.4663237854138453,84.01416430385991
4316893.167884352,4.309785175804196,-1.8928525058473011,0.49449552875296565,1.6410770493606883,94.02678878414972
4316893.56790208,4.247591601512186,-1.9163035815745677,0.4763174160374301,1.8280300633022637,104.73840745025242
4316894.067966464,4.292063233698098,-1.8974937398797076,0.4838676467459714,2.042962406882678,117.05312361826589
4316895.167924192,4.301211041479908,-1.913268254634151,0.4854722656587853,2.21933694360663,127.15864018612349
4316897.068005088,4.180823411209845,-2.028158472116385,0.4901810336189331,2.0393758892841336,116.84763129671991
4316903.167946784,4.16055827744362,-1.5070935854219427,0.442033468236167,1.918621211355634,109.92889789495533
4316904.767870464,3.92610500798009,-1.057357387062972,0.39788625299327285,1.9752718515628174,113.17474048554107
4316906.568357312,3.770321249561775,-0.5766957196501523,0.35944681780686927,1.9425182251101971,111.29809592605787
4316908.567897248,3.5923024522700655,-0.0935142338495041,0.32969235755603055,1.9595641339263996,112.27475455919111
4316910.46826096,3.4208443503952184,0.3840825959472807,0.28960667348827385,1.9878309192712795,113.89432205985497
4316913.068269824,3.349247785276145,0.4346991679709221,0.28249729258719014,2.1680149052674067,124.2181039932774
4316921.16913296,2.9675784210740956,0.779297311236245,0.23592339196777934,2.1563023830045505,123.54702590016271
4316922.668986304,2.614318452179761,1.1577528128090246,0.18346650058439123,2.1741523943052705,124.5697562119548
4316926.468922176,2.4303425048292002,1.3433649673022128,0.1664523437251238,2.3892032944528454,136.89126517090014
4316926.769024448,2.4776395896654897,1.408726539518565,0.1609380124813612,2.636256933619446,151.0463960084943
4316927.068934112,2.4823191856666456,1.4229687822208092,0.15986928124894345,2.8724061208546536,164.57674777251634
4316927.269047968,2.4779143237574615,1.380177159027029,0.1627273744707071,3.062488976521292,175.46769316000908
4316927.569082656,2.4851432339938144,1.3762239112865595,0.1537630145166817,-2.953062043901838,-169.19799175585192
4316927.86888784,2.459525549562331,1.4321787185522228,0.15751967914750786,-2.651873576069872,-151.94116371106853
4316928.268975712,2.5128171311343994,1.3735254081443347,0.1622497868173866,-2.4373990196665285,-139.65267681621643
4316928.768906432,2.491013118067743,1.3959837686646686,0.1522168309114715,-2.262157686116144,-129.61208800753508
4316930.168824576,2.5493999346699456,1.359375151428849,0.15757047263181145,-2.45872012301271,-140.87428605251486
4316930.667964448,2.5828602215925733,1.3449778639431533,0.160524303731314,-2.651627657230572,-151.92707359947389
4316931.86879584,2.589680781726591,1.3641752438706296,0.16009178941868846,-2.8393211805544145,-162.68112032787033
4316937.16872128,2.533019685887399,1.3540087558850225,0.15023636656516956,-2.660364198055103,-152.42764051626324
4316938.568807488,2.0879968720809674,1.097188730302968,0.14395946181752697,-2.7150180246626463,-155.5590741151153
4316939.668866976,1.645490282799261,0.8309235534960384,0.11786978167559405,-2.7021884339527102,-154.82399271455571
4316940.7686744,1.1465583949993245,0.6127466661969845,0.10919210762894081,-2.694371717176056,-154.37612783360433
4316943.568501184,0.6485688021660935,0.43594162555836125,0.10779199557023407,-2.777460632246114,-159.1367719914396
4316946.168552224,0.19064515871309326,0.2260932839666643,0.09051072785194887,-2.736506324086599,-156.7902629810212
4316949.36854944,0.03739729598038,0.26477388337274,0.09041845407541062,-2.9111893950367986,-166.79886569885193
4316950.268616064,0.047823489650930286,0.27312527067168596,0.09136744056188326,-3.0952299935695167,-177.34361525383824
4316950.968606016,0.06506358821370281,0.2519967138962696,0.09278366520999148,2.9801991654047852,170.75283428610453
4316951.468452512,0.03292980090948742,0.215768743699623,0.09545088145524289,2.7754386896366423,159.02092321349917
4316951.968548288,0.06748226996713322,0.2532214050712463,0.09441220955097185,2.5945807898972886,148.65852886683402
4316952.36850112,0.04221060732392975,0.24537552312077965,0.09406635478249016,2.4047790864214735,137.78369231327628
4316952.76853744,0.004618519461501296,0.22394220181350677,0.09777554363024603,2.2026592821645665,126.20308057334519
4316953.168538432,0.06774205841391853,0.2513443843964608,0.09373159302155931,1.9961694458787769,114.37208444182211
4316953.46843792,0.002912694384688921,0.246258014649076,0.09469844981770288,1.7966142865645152,102.93841603305417
4316953.76851168,-0.009496977434883739,0.25177118368623286,0.09686753079590102,1.613916263206016,92.47059036922963
4316954.068334272,0.05932630936504766,0.239835837908092,0.0892096126427366,1.43655385210526,82.30847276889206
4316954.56835984,-0.024523438230468132,0.2834915797431687,0.09721405785705801,1.1001652467366387,63.034825404978264
4316954.868526528,-0.017257989733625478,0.27342702656963874,0.09419903136916519,0.9099927134687699,52.13874186941813
4316955.168351008,0.008287630484078205,0.24298035084186323,0.08666353219420399,0.6965337043769233,39.90844154941066
4316955.46848592,-0.02209166445472935,0.3082374973283661,0.08057162201676331,0.4651685925205622,26.652197113468965
4316955.968478752,-0.03243638343980573,0.29127599131760185,0.08544336905334181,0.17315978540134633,9.92132488488819
4316956.468456608,-0.0264879948327346,0.3287384465118076,0.08307640552150462,-0.016251789241380626,-0.9311589330672277
4316957.568307552,-0.02250728633821688,0.3888847244600837,0.08543287644680678,-0.19940768108364698,-11.425218528583674
4316958.868319424,-0.026446718815975358,0.40322791336980746,0.08207950668397902,-0.02031521772431787,-1.1639762354927787
4316960.06830416,-0.028064545853274326,0.3725721285780583,0.08295821953353498,0.16709444999553832,9.573806764804123
4316977.467856832,0.45657266332609386,0.23510960667891526,0.09672379611138603,0.2374595538074141,13.605430238224507
4316978.767984352,0.9476653722666368,0.3624154952554294,0.1214809488947231,0.23801581671045388,13.63730175486838
4316979.867825632,1.4678005783015866,0.48951447157796263,0.13473082015404864,0.20894896864529058,11.971894036986521
4316980.867813856,1.96519619524065,0.6037434083942831,0.1505797545220455,0.21405972681248342,12.264718910078686
4316981.868013632,2.472445363109977,0.7436114878998562,0.17227382072172157,0.20171403005257926,11.557362590587843
4316985.367853152,2.896670416752028,0.8805270614869833,0.18170305468095388,0.0026544622583591607,0.15208948428074504
4316985.76787488,2.87830652900906,0.8603365840784567,0.1636778602515736,-0.23865969731670195,-13.674193396116719
4316986.068558976,2.8667820119903165,0.8287841779156715,0.17539186869493184,-0.4760287675174691,-27.274439305565235
4316986.267813344,2.897777274507692,0.858138957279823,0.16717908333738513,-0.669398953367331,-38.353734838422675
4316986.567825376,2.9508088605462515,0.9010849600557266,0.18181755011431677,-0.9345718020282533,-53.54701990815482
4316986.968441408,2.890323001634449,0.8800731400231071,0.1786946727732519,-1.1464152082541568,-65.68475300257452
4316987.368378432,2.9595325153162335,0.8938456690199625,0.1959574050183334,-1.3220828701729952,-75.74976862745497
4316988.36803312,2.975411528897996,0.8846367581127115,0.1757155574189539,-1.498426798312076,-85.85353145258259
4316991.468280096,2.8974416947181116,0.9033478897212879,0.1752557281267765,-1.319413754283406,-75.5968395519502
4316993.468300256,2.9024405540361826,0.9218513561317017,0.1661380173063968,-1.1370888057456727,-65.15038950079816
4316999.669023584,3.0840355053695254,0.44344748114345584,0.20397300200475343,-1.049243242988346,-60.11720950585173
4317000.769065376,3.3563127895729377,0.016751033802601643,0.2451239256754795,-1.0312769179174588,-59.08781490592982
4317001.769052736,3.63085860278083,-0.4081286989300084,0.28043194708920227,-1.0293162944021872,-58.97547945329065
4317002.769026976,3.9033712741548516,-0.8348757679392297,0.31425226657969896,-1.0276808098502093,-58.88177309100347
4317003.76913504,4.155427952308999,-1.2848331794284997,0.3547487182409455,-1.0254717342454625,-58.755202382226166
4317004.769011456,4.419762539420578,-1.7421927477795423,0.39668675096182093,-1.032886825046215,-59.180055789815576
4317005.868943136,4.699373639998891,-2.1745842856618323,0.4365394569934431,-1.0356786962028792,-59.34001822403674
4317008.668850752,4.8038014958230075,-2.319128619840483,0.47511333519386095,-1.2646733768988314,-72.4604469588607
4317009.068936768,4.798547919289886,-2.322198226432703,0.45302960485566424,-1.5044236382470426,-86.19712507127167
4317009.368969504,4.745129447881325,-2.3195938009476245,0.4537090150611436,-1.7325219441612871,-99.26619531424183
4317009.56803328,4.775041606260993,-2.3329455327862343,0.4514249689148869,-1.9277436823466612,-110.4515769814717
4317009.768921952,4.821120886809338,-2.3632001193325656,0.47158398422744896,-2.104884483395659,-120.60099726114586
4317010.169004128,4.80095650529053,-2.3432623331894056,0.4482062787118027,-2.5004731094456116,-143.26655595718714
4317010.368823616,4.789258432470609,-2.324620611131686,0.4518919032793839,-2.684897714993196,-153.8333074934287
4317010.668847744,4.801323914707799,-2.407514755059666,0.46272011027079396,-2.9111718125094477,-166.79785829424154
4317012.668814944,4.797846366611239,-2.5334224644478156,0.4666106151894166,-2.72901499627879,-156.36104151468473
4317018.968891776,4.542597293361407,-2.098154802262439,0.4273286586791127,-2.597631094690524,-148.83329845771493
4317021.768718176,4.0288545031354674,-2.2355204712711343,0.4040437297847246,-2.61480015828137,-149.81701333966214
4317022.868749952,3.6207227265112882,-2.5281321214078294,0.3966488222457819,-2.614671018055361,-149.80961414974647
4317023.968550272,3.1431497440671183,-2.8133676389766133,0.3858043528417568,-2.6051619976342097,-149.26478741231077
4317025.068661696,2.691193384371457,-3.093639916557169,0.3875399092545493,-2.59900980984384,-148.9122930171507
4317026.068512768,2.2128046325499824,-3.332239568071449,0.3756908535847506,-2.588043182700649,-148.28395156635221
4317027.068684736,1.7705118242817788,-3.58405324011903,0.36936976081939843,-2.5981349416698754,-148.86216676315217
4317028.168539744,1.3391624431860012,-3.847011304103031,0.3846168733237416,-2.634858741721644,-150.96628551380084
4317030.968573312,1.0851915082469157,-3.8019023203479656,0.3716418047540565,-2.448664144609395,-140.29812093113023
4317031.36849888,1.121388736676938,-3.8322679759715763,0.36182018006793426,-2.20226823315849,-126.18067511571421
4317031.668489088,1.1519144116960232,-3.8406041530805384,0.375411893955427,-1.967043898817713,-112.7033135192135
4317031.968489856,1.0701890557759903,-3.819774113058138,0.3792030080063747,-1.6733624731656913,-95.87660730796759
4317032.268458592,1.0724050087588404,-3.8118519026622963,0.39582581647636783,-1.3970666131979377,-80.0460206348777
4317032.468534464,1.119597264125495,-3.7893350058049817,0.397943650864353,-1.2189378244950952,-69.83999283242721
4317032.768642432,1.1036861485859464,-3.7967652289417044,0.37848638853590744,-1.0306043068888635,-59.04927713273735
4317033.168608928,1.054410508136037,-3.822578754831889,0.3755505634472723,-0.7828599410277229,-44.85457057074904
4317033.568397728,1.1013508243666965,-3.7399062316489826,0.35975716873319696,-0.463292575424301,-26.544709251558814
4317033.868420576,1.0818335869660025,-3.785769424957422,0.35716550429779237,-0.20063317092791058,-11.495433924496123
4317034.068591392,1.0778326396865632,-3.8234825053822123,0.36807836053866955,0.0009883784928642612,0.056629916202623316
4317034.2684256,1.0881749495395032,-3.8103469040561193,0.3621180640380377,0.1916588280197718,10.981241951956608
4317034.468573312,1.0624492191978114,-3.756996899083144,0.3320933115263891,0.4045869655627566,23.181125572750734
4317034.66842144,1.0535639913014558,-3.74315828011053,0.3349217957958458,0.6039967362169755,34.60646382490917
4317034.96837968,1.1161564354665847,-3.778852813238267,0.35826724265409293,0.9179337979519787,52.59373249506283
4317035.268399104,1.1216519226622659,-3.774058949605059,0.3540976181281053,1.1107844856116842,63.64326297415962
4317036.368498272,1.0728456282996488,-3.767784422653515,0.35720618239591934,0.8653930779746826,49.583370987785074
4317036.768337184,1.0377142301380213,-3.741982042822497,0.34933838703006603,0.6762293534759891,38.745087937034484
4317037.368302368,1.048400588413137,-3.7431935447463194,0.34269176196286105,0.49840018390950064,28.55622704655843
4317038.268349312,1.0327285368094208,-3.764276954313553,0.34419137804744526,0.32091130572798043,18.38686341624572
4317044.268187136,1.4601847188128785,-3.4969133749030954,0.34607038442413174,0.3324202985521922,19.046280131519403
4317045.368189856,1.948059495894789,-3.342354926962536,0.3600903616364115,0.30577907390730047,17.51985039830719
4317046.46817168,2.4725309832713704,-3.19660068077372,0.36484148217167034,0.2947751644634556,16.88937282903073
4317047.468150528,2.9536010166770126,-3.0387615158174355,0.37311856214889527,0.2884099307911994,16.524671803995894
4317048.468071744,3.4619883106692866,-2.9046949706960103,0.39639718839219107,0.28000100705848097,16.042875963863732
4317049.468180064,3.9391460833767162,-2.7399072761778895,0.41532563578319487,0.26417986694573503,15.136391408318259
4317051.868069216,4.4359802271292,-2.635334899298512,0.4447501961640584,0.2785194994854073,15.95799183260994
4317052.367912096,4.395074046602273,-2.4749263198277904,0.42053492839000284,0.48398315965294203,27.730192403519887
4317052.667949792,4.448918969271107,-2.5235969455548757,0.4307425263120098,0.7066579553252902,40.488518399483404
4317052.967925536,4.50052101930655,-2.5653841076216612,0.4361595552946293,0.9657813911179535,55.33519764333219
4317053.26793216,4.450611925329634,-2.5527607971731863,0.433004924351202,1.2628252791828574,72.35455875960763
4317053.467997344,4.435578856873093,-2.55470077750669,0.42791321519574127,1.4474659600129933,82.9336904975965
4317053.668042048,4.478763182992594,-2.5589914059899317,0.4320932917592565,1.6544753987038987,94.79445765395755
4317054.067903776,4.509020395559365,-2.547438837354293,0.4313213746329899,1.963553323697057,112.50331829672655
4317054.568032288,4.462039364790713,-2.5838836351721635,0.42940989013559133,2.163152183338969,123.9394905498322
4317055.668028032,4.49626950977623,-2.5874209212198727,0.42748019065509435,2.337951139662919,133.95473301048614
4317057.167990624,4.493465427722162,-2.6073620973774654,0.4281074009427892,2.1458384706884788,122.94748788725684
4317058.467878304,4.445148029871559,-2.6417496062566466,0.43136550222058767,1.971067849775691,112.93386892607326
4317061.56796336,4.294976148964164,-2.1521519697272384,0.39756856727593964,1.9195343025505773,109.98121416673614
4317062.66801392,4.125758916764445,-1.655650912492019,0.3502079845621445,1.8826873652070564,107.8700401689694
4317063.667924192,4.000958080616025,-1.166906569238596,0.31819818107703646,1.8847773113123265,107.98978526021118
4317064.667939392,3.8062118262586266,-0.6864081938302891,0.28878014317231115,1.8642613616815311,106.81430793366363
4317065.76791216,3.591034187774581,-0.1865710377528655,0.25823203240847165,1.8334288978523623,105.04773788426249
4317066.967902144,3.358211979882747,0.2730077041742806,0.22884838601308555,1.796198091737338,102.91456982600172
4317068.267980352,3.0320994179799605,0.6781030331960625,0.1801424103560425,1.8006647447608244,103.17049019279685
4317071.868392352,2.9362326957805087,0.9519229094465412,0.16500280938209222,2.015044512009154,115.45354606912304
4317072.167828672,2.9162418321691352,0.9396426437376793,0.16197592022459978,2.2190817968051384,127.14402135124176
4317072.467805664,2.8866355993910453,0.8960583766046846,0.16421507470328817,2.47301881387387,141.69354069142162
4317072.868334624,2.923546781669485,0.977507410036925,0.1644234505312982,2.8213359586785907,161.65064302077926
4317073.267965856,2.927949783689474,0.9342715842191536,0.16036777426969065,3.0051203717885313,172.18071423226766
4317073.667861632,2.926564898193592,0.9443042754488871,0.16254317384680472,-3.100508093657536,-177.64602811272937
4317073.967846784,2.9209932691692138,0.9845115352808455,0.1591310091398834,-2.9183520397266265,-167.20925500973087
4317077.46788144,2.4679375481139068,0.7570099309261455,0.14934497324045481,-2.832552268543876,-162.2932902377711
4317078.667874784,1.9375205291469992,0.6138903416807997,0.13041786092353566,-2.893735221851446,-165.7988152404408
4317079.76820384,1.3891625924597726,0.5090760333944345,0.097010372684267,-2.9088796905489573,-166.6665293797762
4317080.769177888,0.8896930389673289,0.3720837399806465,0.09242818645924795,-2.920451033297524,-167.32951848256837
4317083.669133344,0.4029378749479476,0.22112865724584946,0.08573002719960558,-2.894199966771194,-165.82544316289253
4317086.969153216,0.17742212384856224,0.04530431759448143,0.08106248620954741,-3.078970101304961,-176.41199205174178
4317089.269079712,0.18198710284758057,0.17297123769842654,0.06460230518559426,3.0099009065926934,172.45461870036155
4317089.768921568,0.15502162316041496,0.17380528301826545,0.07868806292188393,2.8340199118956035,162.3773800076555
4317090.169120448,0.14230929065193834,0.12809160252923,0.0862624934861671,2.647155875145635,151.67085935910478
4317090.568993408,0.19153715481417152,0.17218945334376096,0.07424933865790681,2.4567546918434195,140.76167514159107
4317090.869007904,0.13817392827838532,0.14447296718037814,0.08810593392124937,2.270943461076876,130.11547583253673
4317091.268905312,0.16855327671080633,0.15630111252272808,0.07636923513343495,2.0734346776343524,118.79905612451678
4317091.668982944,0.19435586845606187,0.17523580187869456,0.07405997062582596,1.8651352229693947,106.86437649733807
4317091.969022848,0.11724179334272421,0.1719059190846678,0.08188748331106496,1.6734989711474266,95.88442806623307
4317092.368901376,0.171223129035567,0.15896561644654444,0.07231634459969803,1.4723557922524477,84.35977283770589
4317092.66896704,0.17132936921249686,0.16080874439799914,0.07356409224254967,1.2931423810988543,74.09160074646223
4317092.968957728,0.09869521913363158,0.1917011981992548,0.08081120610721329,1.111515988751443,63.68517501676837
4317093.467896896,0.14432319152464945,0.1478897891942227,0.07447923742470491,0.8981565062228244,51.4605771487833
4317094.267897984,0.08191520901433577,0.2118896929515478,0.075341430993148,0.7109329898517023,40.733459835119525
4317096.668976736,0.04677463635932414,0.28908260359441734,0.07200638923683954,0.5353361936520358,30.67250451685978
