status_source,stamp_s,accepted,reason,points,fitness,rmse,processing_ms,icp_target,keyframe_added,local_map_frames,local_map_points,pose_graph_nodes,pose_graph_edges,loop_closures,backend,optimized
front_end,4316753.26796944,True,initial_frame,3196,,,3.342406009323895,initial,True,1,2963,,,,,
optimized_backend,,,,,,,,,,,,1,0,0,pose_graph,False
front_end,4316753.367891872,True,icp_accepted,3208,1.0,0.06742067609144663,21.566591996815987,previous_cloud_bootstrap,False,1,2963,,,,,
front_end,4316753.467896512,True,icp_accepted,3172,0.9990542244640606,0.06284007374245945,15.875629003858194,previous_cloud_bootstrap,False,1,2963,,,,,
front_end,4316753.567907968,True,icp_accepted,3228,1.0,0.06786990595733641,6.528409008751623,previous_cloud_bootstrap,False,1,2963,,,,,
front_end,4316753.667918016,True,icp_accepted,3258,0.9990791896869244,0.06554657922225823,6.996098993113264,previous_cloud_bootstrap,False,1,2963,,,,,
front_end,4316753.7681592,True,icp_accepted,3152,1.0,0.06704127809235436,6.936596997547895,previous_cloud_bootstrap,False,1,2963,,,,,
front_end,4316753.86794448,True,icp_accepted,3242,1.0,0.06323927453003986,6.134298004326411,previous_cloud_bootstrap,False,1,2963,,,,,
front_end,4316753.967873536,True,icp_accepted,3237,1.0,0.062008880269174234,6.26105499395635,previous_cloud_bootstrap,False,1,2963,,,,,
front_end,4316754.068170656,True,icp_accepted,3180,1.0,0.06797783024086916,12.597173001267947,previous_cloud_bootstrap,False,1,2963,,,,,
front_end,4316754.167941696,True,icp_accepted,3150,0.9987301587301587,0.06871122007342066,6.228054000530392,previous_cloud_bootstrap,False,1,2963,,,,,
front_end,4316754.267886944,True,icp_accepted,3237,1.0,0.06856795736754522,15.757998000481166,previous_cloud_bootstrap,False,1,2963,,,,,
front_end,4316754.368016288,True,icp_accepted,3239,0.9990737882062365,0.061380931863337526,6.46634200529661,previous_cloud_bootstrap,False,1,2963,,,,,
front_end,4316754.467845696,True,icp_accepted,3163,0.9987353778058805,0.0679335119199287,6.0287689993856475,previous_cloud_bootstrap,False,1,2963,,,,,
front_end,4316754.567835808,True,icp_accepted,3213,0.9996887643946467,0.06326045239910809,15.122782991966233,previous_cloud_bootstrap,False,1,2963,,,,,
front_end,4316754.667847488,True,icp_accepted,3210,1.0,0.062434427525851106,6.63398700999096,previous_cloud_bootstrap,False,1,2963,,,,,
front_end,4316754.767863936,True,icp_accepted,3214,1.0,0.06777062734848262,16.22833200963214,previous_cloud_bootstrap,False,1,2963,,,,,
front_end,4316754.867919488,True,icp_accepted,3195,0.9996870109546165,0.0606932013270244,7.089555001584813,previous_cloud_bootstrap,False,1,2963,,,,,
front_end,4316754.969087616,True,icp_accepted,3169,1.0,0.06596517407527892,6.645048008067533,previous_cloud_bootstrap,False,1,2963,,,,,
front_end,4316755.067915936,True,icp_accepted,3151,0.9993652808632181,0.06107574211461814,25.99075299804099,previous_cloud_bootstrap,False,1,2963,,,,,
front_end,4316755.168191392,True,icp_accepted,3178,0.9987413467589679,0.06807355471624076,10.106277986778878,previous_cloud_bootstrap,False,1,2963,,,,,
front_end,4316755.268136608,True,icp_accepted,3261,0.9996933455995094,0.06561850025829263,8.744165999814868,previous_cloud_bootstrap,False,1,2963,,,,,
front_end,4316755.369132736,True,icp_accepted,3198,1.0,0.06174546186331534,21.525375996134244,previous_cloud_bootstrap,False,1,2963,,,,,
front_end,4316755.467878112,True,icp_accepted,3288,0.9996958637469586,0.07051156694557499,6.242500996449962,previous_cloud_bootstrap,False,1,2963,,,,,
front_end,4316755.568175424,True,icp_accepted,3206,0.9990642545227698,0.05822369682677902,6.961844002944417,previous_cloud_bootstrap,False,1,2963,,,,,
front_end,4316755.667882272,True,icp_accepted,3198,1.0,0.06710555305912902,21.7851339984918,previous_cloud_bootstrap,False,1,2963,,,,,
front_end,4316755.769075616,True,icp_accepted,3230,0.9996904024767802,0.06202922104805248,6.514854001579806,previous_cloud_bootstrap,False,1,2963,,,,,
front_end,4316755.868191744,True,icp_accepted,3213,0.9990662931839402,0.06973152235130677,16.0221849946538,previous_cloud_bootstrap,False,1,2963,,,,,
front_end,4316755.967860864,True,icp_accepted,3257,1.0,0.0659083301371655,6.873217003885657,previous_cloud_bootstrap,False,1,2963,,,,,
front_end,4316756.068207424,True,icp_accepted,3249,0.9993844259772238,0.06000401309507596,16.8211669952143,previous_cloud_bootstrap,False,1,2963,,,,,
front_end,4316756.168078208,True,icp_accepted,3277,1.0,0.06573140332324114,25.640444990131073,previous_cloud_bootstrap,False,1,2963,,,,,
front_end,4316756.267908992,True,icp_accepted,3222,0.9993792675356921,0.06105219260801795,17.809495999244973,previous_cloud_bootstrap,False,1,2963,,,,,
front_end,4316756.369108992,True,icp_accepted,3197,1.0,0.06759285797765055,25.797739988774993,previous_cloud_bootstrap,False,1,2963,,,,,
front_end,4316756.46806656,True,icp_accepted,3277,1.0,0.06965655944447864,9.84636899374891,previous_cloud_bootstrap,False,1,2963,,,,,
front_end,4316756.568016768,True,icp_accepted,3206,0.9993761696818465,0.061342271951581144,6.307732997811399,previous_cloud_bootstrap,False,1,2963,,,,,
front_end,4316756.667886432,True,icp_accepted,3303,1.0,0.06480272300395135,15.73746900248807,previous_cloud_bootstrap,False,1,2963,,,,,
front_end,4316756.76812544,True,icp_accepted,3277,1.0,0.061047264137673675,9.653736997279339,previous_cloud_bootstrap,False,1,2963,,,,,
front_end,4316756.867871328,True,icp_accepted,3276,1.0,0.06464324400605027,21.633017997373827,previous_cloud_bootstrap,False,1,2963,,,,,
front_end,4316756.968102656,True,icp_accepted,3236,1.0,0.06079993267856299,26.335972986998968,previous_cloud_bootstrap,False,1,2963,,,,,
front_end,4316757.068124576,True,icp_accepted,3196,1.0,0.06622835329364464,7.191034994320944,previous_cloud_bootstrap,False,1,2963,,,,,
front_end,4316757.167860928,True,icp_accepted,3264,0.9996936274509803,0.07382739411908008,17.795821011532098,previous_cloud_bootstrap,False,1,2963,,,,,
front_end,4316757.268240192,True,icp_accepted,3214,1.0,0.06373851917760526,14.244781996239908,previous_cloud_bootstrap,False,1,2963,,,,,
front_end,4316757.367941696,True,icp_accepted,3279,0.9993900579444953,0.0690173882178311,6.57811199198477,previous_cloud_bootstrap,False,1,2963,,,,,
front_end,4316757.467866176,True,icp_accepted,3272,1.0,0.06070495068334755,19.75519600091502,previous_cloud_bootstrap,False,1,2963,,,,,
front_end,4316757.568170112,True,icp_accepted,3123,0.9996797950688441,0.0628050154852495,26.91436099121347,previous_cloud_bootstrap,False,1,2963,,,,,
front_end,4316757.668055424,True,icp_accepted,3200,0.999375,0.06587030581239008,9.55050199991092,previous_cloud_bootstrap,False,1,2963,,,,,
front_end,4316757.767878816,True,icp_accepted,3191,0.9996866186148543,0.06364007622467091,6.417630007490516,previous_cloud_bootstrap,False,1,2963,,,,,
front_end,4316757.869023776,True,icp_accepted,3252,1.0,0.06961241941817217,6.310458993539214,previous_cloud_bootstrap,False,1,2963,,,,,
front_end,4316757.968029536,True,icp_accepted,3204,1.0,0.05988133184247776,7.072631997289136,previous_cloud_bootstrap,False,1,2963,,,,,
front_end,4316758.06786544,True,icp_accepted,3237,0.9996910719802286,0.07006295591966728,10.09549800073728,previous_cloud_bootstrap,False,1,2963,,,,,
front_end,4316758.168138816,True,icp_accepted,3186,1.0,0.06223745390249679,6.259351997869089,previous_cloud_bootstrap,False,1,2963,,,,,
front_end,4316758.268014112,True,icp_accepted,3172,0.9990542244640606,0.07422122654281425,18.566250000731088,previous_cloud_bootstrap,False,1,2963,,,,,
front_end,4316758.369110016,True,icp_accepted,3121,0.9993591797500802,0.06393646736481569,22.490631003165618,previous_cloud_bootstrap,False,1,2963,,,,,
front_end,4316758.468172896,True,icp_accepted,3154,1.0,0.07721713990286067,15.453835992957465,previous_cloud_bootstrap,False,1,2963,,,,,
front_end,4316758.568107488,True,icp_accepted,3177,0.9990557129367328,0.06787934455993495,6.993672999669798,previous_cloud_bootstrap,False,1,2963,,,,,
front_end,4316758.667845824,True,icp_accepted,3094,1.0,0.07024491740932019,25.536618995829485,previous_cloud_bootstrap,False,1,2963,,,,,
front_end,4316758.768192288,True,icp_accepted,3163,1.0,0.06735861808660312,18.47600899054669,previous_cloud_bootstrap,False,1,2963,,,,,
front_end,4316758.868087712,True,icp_accepted,3163,0.9996838444514701,0.06328357321585253,22.625544006587006,previous_cloud_bootstrap,False,1,2963,,,,,
front_end,4316758.969084384,True,icp_accepted,3123,0.9996797950688441,0.0638379786227774,21.275596009218134,previous_cloud_bootstrap,False,1,2963,,,,,
front_end,4316759.068155296,True,icp_accepted,3148,0.9987293519695044,0.06366355665433282,12.600087997270748,previous_cloud_bootstrap,False,1,2963,,,,,
front_end,4316759.168023616,True,icp_accepted,3147,1.0,0.06740689392094426,6.614069003262557,previous_cloud_bootstrap,False,1,2963,,,,,
front_end,4316759.269063648,True,icp_accepted,3131,1.0,0.06873706732528954,9.994558000471443,previous_cloud_bootstrap,False,1,2963,,,,,
front_end,4316759.368976672,True,icp_accepted,3121,0.99967958987504,0.06437997366665406,6.855903993709944,previous_cloud_bootstrap,False,1,2963,,,,,
front_end,4316759.46803904,True,icp_accepted,3171,0.9996846420687481,0.06544425576897538,34.35508499387652,previous_cloud_bootstrap,False,1,2963,,,,,
front_end,4316759.569024,True,icp_accepted,3200,0.999375,0.06170503195664634,6.609169999137521,previous_cloud_bootstrap,False,1,2963,,,,,
front_end,4316759.669030304,True,icp_accepted,3115,1.0,0.06498056224861516,14.806829000008292,previous_cloud_bootstrap,False,1,2963,,,,,
front_end,4316759.76800736,True,icp_accepted,3151,0.9984132021580451,0.06242285744336337,15.293264004867524,previous_cloud_bootstrap,False,1,2963,,,,,
front_end,4316759.8682056,True,icp_accepted,3184,1.0,0.06899257487007063,6.313584992312826,previous_cloud_bootstrap,False,1,2963,,,,,
front_end,4316759.968137888,True,icp_accepted,3166,1.0,0.06418601682517762,6.897341998410411,previous_cloud_bootstrap,False,1,2963,,,,,
front_end,4316760.06802816,True,icp_accepted,3149,0.9984121943474119,0.06257896590935383,7.034971000393853,previous_cloud_bootstrap,False,1,2963,,,,,
front_end,4316760.168912288,True,icp_accepted,3150,1.0,0.06573664786164589,6.542015005834401,previous_cloud_bootstrap,False,1,2963,,,,,
front_end,4316760.268118016,True,icp_accepted,3183,0.9990574929311969,0.06022410949442402,6.400077007128857,previous_cloud_bootstrap,False,1,2963,,,,,
front_end,4316760.367984,True,icp_accepted,3098,1.0,0.0682766841334039,6.802364005125128,previous_cloud_bootstrap,False,1,2963,,,,,
front_end,4316760.468162784,True,icp_accepted,3191,0.9984330930742714,0.0660246798416088,31.911979996948503,previous_cloud_bootstrap,False,1,2963,,,,,
front_end,4316760.568075104,True,icp_accepted,3189,0.9996864220758859,0.0633212808805275,13.738659996306524,previous_cloud_bootstrap,False,1,2963,,,,,
front_end,4316760.668102752,True,icp_accepted,3167,1.0,0.06485671370306854,6.616123995627277,previous_cloud_bootstrap,False,1,2963,,,,,
front_end,4316760.768157472,True,icp_accepted,3251,0.9987696093509689,0.0653352997683543,6.340997002553195,previous_cloud_bootstrap,False,1,2963,,,,,
front_end,4316760.868065984,True,icp_accepted,3213,1.0,0.07023392151382757,7.25788100680802,previous_cloud_bootstrap,False,1,2963,,,,,
front_end,4316760.967971904,True,icp_accepted,3221,1.0,0.06709959818912127,11.36422400304582,previous_cloud_bootstrap,False,1,2963,,,,,
front_end,4316761.068144128,True,icp_accepted,3187,0.9996862252902416,0.07432944809523473,46.14865699841175,previous_cloud_bootstrap,False,1,2963,,,,,
front_end,4316761.168035136,True,icp_accepted,3336,1.0,0.07360986306152,18.70225499442313,previous_cloud_bootstrap,False,1,2963,,,,,
front_end,4316761.268966464,True,icp_accepted,3233,0.9993813795236622,0.06222399217738487,41.843989994958974,previous_cloud_bootstrap,False,1,2963,,,,,
front_end,4316761.368930368,True,icp_accepted,3233,0.9993813795236622,0.07253156817042442,22.647285004495643,previous_cloud_bootstrap,False,1,2963,,,,,
front_end,4316761.468133408,True,icp_accepted,3283,1.0,0.06399975044620357,6.665196007816121,previous_cloud_bootstrap,False,1,2963,,,,,
front_end,4316761.569005568,True,icp_accepted,3202,0.9993753903810119,0.0689856023230635,38.803923001978546,previous_cloud_bootstrap,False,1,2963,,,,,
front_end,4316761.66814992,True,icp_accepted,3262,0.9987737584304108,0.07291292771126741,6.793376989662647,previous_cloud_bootstrap,False,1,2963,,,,,
front_end,4316761.768044672,True,icp_accepted,3309,0.9993955877908733,0.07250712452374308,7.857709002564661,previous_cloud_bootstrap,False,1,2963,,,,,
front_end,4316761.868043104,True,icp_accepted,3313,0.9978871113794144,0.07325337124751555,6.869760996778496,previous_cloud_bootstrap,False,1,2963,,,,,
front_end,4316761.968881024,True,icp_accepted,3371,1.0,0.05939068586249542,10.238086004392244,previous_cloud_bootstrap,False,1,2963,,,,,
front_end,4316762.068042464,True,icp_accepted,3393,1.0,0.06766420419297033,52.52719401323702,previous_cloud_bootstrap,False,1,2963,,,,,
front_end,4316762.168942112,True,icp_accepted,3333,1.0,0.06746372160966276,18.538768010330386,previous_cloud_bootstrap,False,1,2963,,,,,
front_end,4316762.268139488,True,icp_accepted,3397,1.0,0.07229935849446345,7.033770001726225,previous_cloud_bootstrap,False,1,2963,,,,,
front_end,4316762.368057216,True,icp_accepted,3373,1.0,0.07043604706912555,7.7367620106088,previous_cloud_bootstrap,False,1,2963,,,,,
front_end,4316762.468038816,True,icp_accepted,3331,1.0,0.059286874713786006,6.451183988247067,previous_cloud_bootstrap,False,1,2963,,,,,
front_end,4316762.568899424,True,icp_accepted,3311,1.0,0.06341330277691967,21.87999199668411,previous_cloud_bootstrap,False,1,2963,,,,,
front_end,4316762.668156352,True,icp_accepted,3351,0.9988063264697106,0.06367651115371399,6.983754996326752,previous_cloud_bootstrap,False,1,2963,,,,,
front_end,4316762.769007776,True,icp_accepted,3365,0.999702823179792,0.07537567129621324,6.632764998357743,previous_cloud_bootstrap,False,1,2963,,,,,
front_end,4316762.86891696,True,icp_accepted,3423,1.0,0.06756514094625529,13.917727002990432,previous_cloud_bootstrap,True,2,4605,,,,,
front_end,4316762.969065152,True,icp_accepted,3396,1.0,0.060753847125866754,6.339904997730628,previous_cloud_bootstrap,False,2,4605,,,,,
front_end,4316763.068014944,True,icp_accepted,3448,1.0,0.06781583341274615,6.386962995748036,previous_cloud_bootstrap,False,2,4605,,,,,
front_end,4316763.16894192,True,icp_accepted,3350,1.0,0.06466232371677207,38.17709400027525,previous_cloud_bootstrap,False,2,4605,,,,,
